Where,Euler1,Euler2,Euler3,Time,Input
Init,0,0,0,0.02,0
Init,0,0,0,0.02,null
Init,0,0,0,0.188866,null
Init,0,0,0,0.01738405,null
Init,0,0,0,0.008054972,null
Init,0,0,0,0.003992975,null
Init,0,0,0,0.003860056,null
Init,0,0,0,0.004176974,null
Init,0,0,0,0.003757,null
Init,0,0,0,0.003858984,null
Init,0,0,0,0.004032016,null
Init,0,0,0,0.004028022,null
Init,0,0,0,0.004058003,null
Init,0,0,0,0.004188955,null
Init,0,0,0,0.003857017,null
Init,0,0,0,0.00395298,null
Init,0,0,0,0.003925025,null
Init,0,0,0,0.003893971,null
Init,0,0,0,0.003922999,null
Init,0,0,0,0.004383028,null
Init,0,0,0,0.003971994,null
Init,0,0,0,0.004037023,null
Init,0,0,0,0.003881991,null
Init,0,0,0,0.003978014,null
Init,0,0,0,0.00375396,null
Init,0,0,0,0.004216015,null
Init,0,0,0,0.003919005,null
Init,0,0,0,0.004109979,null
Init,0,0,0,0.003812015,null
Init,0,0,0,0.00425899,null
Init,0,0,0,0.004175007,null
Init,0,0,0,0.003910005,null
Init,0,0,0,0.003839016,null
Init,0,0,0,0.004028976,null
Init,0,0,0,0.003799021,null
Init,0,0,0,0.004525006,null
Init,0,0,0,0.003696978,null
Init,0,0,0,0.003970981,null
Init,0,0,0,0.004001021,null
Init,0,0,0,0.004055977,null
Init,0,0,0,0.003691018,null
Init,0,0,0,0.004257023,null
Init,0,0,0,0.003763974,null
Init,0,0,0,0.004040003,null
Init,0,0,0,0.004006982,null
Init,0,0,0,0.003983021,null
Init,0,0,0,0.004015982,null
Init,0,0,0,0.004139006,null
Init,0,0,0,0.004184008,null
Init,0,0,0,0.003868997,null
Init,0,0,0,0.003789008,null
Init,0,0,0,0.004131019,null
Init,0,0,0,0.00413996,null
Init,0,0,0,0.003850996,null
Init,0,0,0,0.004037023,null
Init,0,0,0,0.004231989,null
Init,0,0,0,0.003854036,null
Init,0,0,0,0.003790975,null
Init,0,0,0,0.004311025,null
Init,0,0,0,0.003766,null
Init,0,0,0,0.004114985,null
Init,0,0,0,0.003951013,null
Init,0,0,0,0.003791988,null
Init,0,0,0,0.004027963,null
Init,0,0,0,0.004238009,null
Init,0,0,0,0.00396204,null
Init,0,0,0,0.003966987,null
Init,0,0,0,0.003862977,null
Init,0,0,0,0.004126012,null
Init,0,0,0,0.004091024,null
Init,0,0,0,0.003977001,null
Init,0,0,0,0.003836989,null
Init,0,0,0,0.004072964,null
Init,0,0,0,0.003948033,null
Init,0,0,0,0.003897011,null
Init,0,0,0,0.00424701,null
Init,0,0,0,0.003823996,null
Init,0,0,0,0.004051983,null
Init,0,0,0,0.003897965,null
Init,0,0,0,0.003943026,null
Init,0,0,0,0.004505992,null
Init,0,0,0,0.003585994,null
Init,0,0,0,0.003961027,null
Init,0,0,0,0.004117966,null
Init,0,0,0,0.003904998,null
Init,0,0,0,0.003966033,null
Init,0,0,0,0.004082978,null
Init,0,0,0,0.004020989,null
Init,0,0,0,0.003945053,null
Init,0,0,0,0.004207969,null
Init,0,0,0,0.003787994,null
Init,0,0,0,0.004119992,null
Init,0,0,0,0.003823996,null
Init,0,0,0,0.004079044,null
Init,0,0,0,0.004155993,null
Init,0,0,0,0.003795981,null
Init,0,0,0,0.004083991,null
Init,0,0,0,0.004105985,null
Init,0,0,0,0.004211009,null
Init,0,0,0,0.003755033,null
Init,0,0,0,0.003834009,null
Init,0,0,0,0.004085004,null
Init,0,0,0,0.003880978,null
Init,0,0,0,0.004150987,null
Init,0,0,0,0.003908992,null
Init,0,0,0,0.004222035,null
Init,0,0,0,0.003811955,null
Init,0,0,0,0.003983021,null
Init,0,0,0,0.004188001,null
Init,0,0,0,0.004004002,null
Init,0,0,0,0.004086018,null
Init,0,0,0,0.004068971,null
Init,0,0,0,0.003560007,null
Init,0,0,0,0.004229009,null
Init,0,0,0,0.004234016,null
Init,0,0,0,0.003785968,null
Init,0,0,0,0.003814042,null
Init,0,0,0,0.00406599,null
Init,0,0,0,0.004107952,null
Init,0,0,0,0.004118025,null
Init,0,0,0,0.003897011,null
Init,0,0,0,0.004040003,null
Init,0,0,0,0.004023015,null
Init,0,0,0,0.003864944,null
Init,0,0,0,0.003917038,null
Init,0,0,0,0.004140019,null
Init,0,0,0,0.003749967,null
Init,0,0,0,0.004058003,null
Init,0,0,0,0.003947973,null
Init,0,0,0,0.004159033,null
Init,0,0,0,0.003937006,null
Init,0,0,0,0.004238963,null
Init,0,0,0,0.003888011,null
Init,0,0,0,0.003814042,null
Init,0,0,0,0.004058957,null
Init,0,0,0,0.003921032,null
Init,0,0,0,0.004375994,null
Init,0,0,0,0.003865004,null
Init,0,0,0,0.004260004,null
Init,0,0,0,0.003776968,null
Init,0,0,0,0.003832996,null
Init,0,0,0,0.003933012,null
Init,0,0,0,0.004198015,null
Init,0,0,0,0.003902972,null
Init,0,0,0,0.003872037,null
Init,0,0,0,0.004072011,null
Init,0,0,0,0.004114985,null
Init,0,0,0,0.003924966,null
Init,0,0,0,0.004088044,null
Init,0,0,0,0.004104972,null
Init,0,0,0,0.003847003,null
Init,0,0,0,0.004037976,null
Init,0,0,0,0.003959,null
Init,0,0,0,0.004050016,null
Init,0,0,0,0.003978014,null
Init,0,0,0,0.004105985,null
Init,0,0,0,0.003948987,null
Init,0,0,0,0.003850043,null
Init,0,0,0,0.004082978,null
Init,0,0,0,0.003871977,null
Init,0,0,0,0.004120052,null
Init,0,0,0,0.003966987,null
Init,0,0,0,0.003982008,null
Init,0,0,0,0.004189968,null
Init,0,0,0,0.003829002,null
Init,0,0,0,0.004105985,null
Init,0,0,0,0.003868043,null
Init,0,0,0,0.00405997,null
Init,0,0,0,0.004324019,null
Init,0,0,0,0.003746986,null
Init,0,0,0,0.00386101,null
Init,0,0,0,0.003942013,null
Init,0,0,0,0.004036963,null
Init,0,0,0,0.003995001,null
Init,0,0,0,0.004177034,null
Init,0,0,0,0.00384599,null
Init,0,0,0,0.003988981,null
Init,0,0,0,0.003961027,null
Init,0,0,0,0.00403899,null
Init,0,0,0,0.004216969,null
Init,0,0,0,0.003948033,null
Init,0,0,0,0.003920019,null
Init,0,0,0,0.003990948,null
Init,0,0,0,0.003957033,null
Init,0,0,0,0.003889024,null
Init,0,0,0,0.004346967,null
Init,0,0,0,0.01415801,null
Init,0,0,0,0.011069,null
Init,0,0,0,0.002353966,null
Init,0,0,0,0.004779041,null
Init,0,0,0,0.003628969,null
Init,0,0,0,0.003930032,null
Init,0,0,0,0.004233956,null
Init,0,0,0,0.003725052,null
Init,0,0,0,0.003868997,null
Init,0,0,0,0.004124999,null
Init,0,0,0,0.004078984,null
Init,0,0,0,0.004245996,null
Init,0,0,0,0.003714025,null
Init,0,0,0,0.003926992,null
Init,0,0,0,0.004005969,null
Init,0,0,0,0.004433036,null
Init,0,0,0,0.003636003,null
Init,0,0,0,0.00416398,null
Init,0,0,0,0.003768981,null
Init,0,0,0,0.004257023,null
Init,0,0,0,0.003718972,null
Init,0,0,0,0.004137039,null
Init,0,0,0,0.004217982,null
Init,0,0,0,0.003601015,null
Init,0,0,0,0.00414896,null
Init,0,0,0,0.004027009,null
Init,0,0,0,0.003804028,null
Init,0,0,0,0.004177988,null
Init,0,0,0,0.004011989,null
Init,0,0,0,0.004010022,null
Init,0,0,0,0.003805995,null
Init,0,0,0,0.00405699,null
Init,0,0,0,0.003823996,null
Init,0,0,0,0.004082978,null
Init,0,0,0,0.004037023,null
Init,0,0,0,0.004058003,null
Init,0,0,0,0.003813028,null
Init,0,0,0,0.004289985,null
Init,0,0,0,0.003903985,null
Init,0,0,0,0.004267991,null
Init,0,0,0,0.00364399,null
Init,0,0,0,0.00405705,null
Init,0,0,0,0.003916979,null
Init,0,0,0,0.004180014,null
Init,0,0,0,0.003968,null
Init,0,0,0,0.004150987,null
Init,0,0,0,0.003883004,null
Init,0,0,0,0.004032969,null
Init,0,0,0,0.003899038,null
Init,0,0,0,0.004079998,null
Init,0,0,0,0.003808975,null
Init,0,0,0,0.004170001,null
Init,0,0,0,0.003886998,null
Init,0,0,0,0.004118025,null
Init,0,0,0,0.003853977,null
Init,0,0,0,0.004276037,null
Init,0,0,0,0.003888965,null
Init,0,0,0,0.004005015,null
Init,0,0,0,0.003917992,null
Init,0,0,0,0.004172027,null
Init,0,0,0,0.003888965,null
Init,0,0,0,0.004056036,null
Init,0,0,0,0.003844976,null
Init,0,0,0,0.004027009,null
Init,0,0,0,0.00405097,null
Init,0,0,0,0.004337013,null
Init,0,0,0,0.00386399,null
Init,0,0,0,0.003831029,null
Init,0,0,0,0.003959,null
Init,0,0,0,0.004010975,null
Init,0,0,0,0.003922999,null
Init,0,0,0,0.004213035,null
Init,0,0,0,0.003942966,null
Init,0,0,0,0.004177034,null
Init,0,0,0,0.003607988,null
Init,0,0,0,0.004074991,null
Init,0,0,0,0.003935993,null
Init,0,0,0,0.004337013,null
Init,0,0,0,0.003799975,null
Init,0,0,0,0.004065037,null
Init,0,0,0,0.003898978,null
Init,0,0,0,0.004272997,null
Init,0,0,0,0.003978014,null
Init,0,0,0,0.003877997,null
Init,0,0,0,0.003944993,null
Init,0,0,0,0.004217982,null
Init,0,0,0,0.003713012,null
Init,0,0,0,0.003975034,null
Init,0,0,0,0.004186988,null
Init,0,0,0,0.003859997,null
Init,0,0,0,0.003831983,null
Init,0,0,0,0.004337013,null
Init,0,0,0,0.003630996,null
Init,0,0,0,0.004104972,null
Init,0,0,0,0.004135013,null
Init,0,0,0,0.003782034,null
Init,0,0,0,0.004269004,null
Init,0,0,0,0.004069984,null
Init,0,0,0,0.003827989,null
Init,0,0,0,0.004320025,null
Init,0,0,0,0.003614962,null
Init,0,0,0,0.004088998,null
Init,0,0,0,0.003856003,null
Init,0,0,0,0.004233003,null
Init,0,0,0,0.003786981,null
Init,0,0,0,0.004180014,null
Init,0,0,0,0.003987014,null
Init,0,0,0,0.003989995,null
Init,0,0,0,0.003986001,null
Init,0,0,0,0.004227996,null
Init,0,0,0,0.003915012,null
Init,0,0,0,0.003991008,null
Init,0,0,0,0.003969014,null
Init,0,0,0,0.003963947,null
Init,0,0,0,0.003838003,null
Init,0,0,0,0.004193008,null
Init,0,0,0,0.003912032,null
Init,0,0,0,0.003888011,null
Init,0,0,0,0.004008949,null
Init,0,0,0,0.004242003,null
Init,0,0,0,0.003922045,null
Init,0,0,0,0.004204988,null
Init,0,0,0,0.003720999,null
Init,0,0,0,0.00396502,null
Init,0,0,0,0.00413096,null
Init,0,0,0,0.004005015,null
Init,0,0,0,0.003785014,null
Init,0,0,0,0.004197001,null
Init,0,0,0,0.003883004,null
Init,0,0,0,0.003889978,null
Init,0,0,0,0.004118979,null
Init,0,0,0,0.004185021,null
Init,0,0,0,0.004051983,null
Init,0,0,0,0.003886998,null
Init,0,0,0,0.003988028,null
Init,0,0,0,0.003875971,null
Init,0,0,0,0.003921032,null
Init,0,0,0,0.004243016,null
Init,0,0,0,0.004052997,null
Init,0,0,0,0.003861964,null
Init,0,0,0,0.004077017,null
Init,0,0,0,0.004077017,null
Init,0,0,0,0.003901005,null
Init,0,0,0,0.003914952,null
Init,0,0,0,0.003989995,null
Init,0,0,0,0.004251003,null
Init,0,0,0,0.003836036,null
Init,0,0,0,0.003939986,null
Init,0,0,0,0.003787994,null
Init,0,0,0,0.004009008,null
Init,0,0,0,0.004082024,null
Init,0,0,0,0.004298985,null
Init,0,0,0,0.003695011,null
Init,0,0,0,0.004200995,null
Init,0,0,0,0.003982008,null
Init,0,0,0,0.004088998,null
Init,0,0,0,0.003789961,null
Init,0,0,0,0.004006028,null
Init,0,0,0,0.004006982,null
Init,0,0,0,0.003904998,null
Init,0,0,0,0.003970027,null
Init,0,0,0,0.004109979,null
Init,0,0,0,0.003916979,null
Init,0,0,0,0.00406003,null
Init,0,0,0,0.003853977,null
Init,0,0,0,0.004429996,null
Init,0,0,0,0.00405103,null
Init,0,0,0,0.003657997,null
Init,0,0,0,0.004033983,null
Init,0,0,0,0.004078984,null
Init,0,0,0,0.003840029,null
Init,0,0,0,0.004235983,null
Init,0,0,0,0.004014015,null
Init,0,0,0,0.003926992,null
Init,0,0,0,0.003991008,null
Init,0,0,0,0.00394398,null
Init,0,0,0,0.004034042,null
Init,0,0,0,0.003761947,null
Init,0,0,0,0.00425905,null
Init,0,0,0,0.003739953,null
Init,0,0,0,0.00406003,null
Init,0,0,0,0.00414902,null
Init,0,0,0,0.003933966,null
Init,0,0,0,0.004086018,null
Init,0,0,0,0.003953993,null
Init,0,0,0,0.003982008,null
Init,0,0,0,0.004019976,null
Init,0,0,0,0.004105031,null
Init,0,0,0,0.003772974,null
Init,0,0,0,0.004396021,null
Init,0,0,0,0.003776014,null
Init,0,0,0,0.004303992,null
Init,0,0,0,0.003601968,null
Init,0,0,0,0.003948987,null
Init,0,0,0,0.004021049,null
Init,0,0,0,0.004245996,null
Init,0,0,0,0.003816962,null
Init,0,0,0,0.003953993,null
Init,0,0,0,0.004102051,null
Init,0,0,0,0.004128993,null
Init,0,0,0,0.003957987,null
Init,0,0,0,0.00396198,null
Init,0,0,0,0.003973007,null
Init,0,0,0,0.004019022,null
Init,0,0,0,0.01192701,null
Init,0,0,0,0.004263997,null
Init,0,0,0,0.003583968,null
Init,0,0,0,0.004146039,null
Init,0,0,0,0.003992975,null
Init,0,0,0,0.003865004,null
Init,0,0,0,0.003989995,null
Init,0,0,0,0.004092991,null
Init,0,0,0,0.003922999,null
Init,0,0,0,0.004011989,null
Init,0,0,0,0.003886998,null
Init,0,0,0,0.004041016,null
Init,0,0,0,0.004364014,null
Init,0,0,0,0.003871024,null
Init,0,0,0,0.004075944,null
Init,0,0,0,0.004007041,null
Init,0,0,0,0.003883004,null
Init,0,0,0,0.004188001,null
Init,0,0,0,0.003736973,null
Init,0,0,0,0.003925979,null
Init,0,0,0,0.004124045,null
Init,0,0,0,0.003968954,null
Init,0,0,0,0.003955007,null
Init,0,0,0,0.004199028,null
Init,0,0,0,0.003723979,null
Init,0,0,0,0.004100025,null
Init,0,0,0,0.003969014,null
Init,0,0,0,0.004061997,null
Init,0,0,0,0.004220009,null
Init,0,0,0,0.003708959,null
Init,0,0,0,0.004037023,null
Init,0,0,0,0.003982961,null
Init,0,0,0,0.004101038,null
Init,0,0,0,0.004633009,null
Init,0,0,0,0.003437996,null
Init,0,0,0,0.004106998,null
Init,0,0,0,0.003951013,null
Init,0,0,0,0.00415796,null
Init,0,0,0,0.003799021,null
Init,0,0,0,0.004438996,null
Init,0,0,0,0.003551006,null
Init,0,0,0,0.003780007,null
Init,0,0,0,0.01786596,null
Init,0,0,0,0.006412029,null
Init,0,0,0,0.00405401,null
Init,0,0,0,0.003790975,null
Init,0,0,0,0.004140019,null
Init,0,0,0,0.003926992,null
Init,0,0,0,0.003821015,null
Init,0,0,0,0.004006982,null
Init,0,0,0,0.004087985,null
Init,0,0,0,0.004028022,null
Init,0,0,0,0.00415802,null
Init,0,0,0,0.003874958,null
Init,0,0,0,0.003856003,null
Init,0,0,0,0.004166007,null
Init,0,0,0,0.003831029,null
Init,0,0,0,0.004152,null
Init,0,0,0,0.004135966,null
Init,0,0,0,0.003827989,null
Init,0,0,0,0.003980041,null
Init,0,0,0,0.004000008,null
Init,0,0,0,0.00385797,null
Init,0,0,0,0.004212022,null
Init,0,0,0,0.003826976,null
Init,0,0,0,0.003953993,null
Init,0,0,0,0.003998995,null
Init,0,0,0,0.003912032,null
Init,0,0,0,0.004150987,null
Init,0,0,0,0.004094005,null
Init,0,0,0,0.00404799,null
Init,0,0,0,0.003978014,null
Init,0,0,0,0.003884017,null
Init,0,0,0,0.003997982,null
Init,0,0,0,0.004279017,null
Init,0,0,0,0.003925979,null
Init,0,0,0,0.003880024,null
Init,0,0,0,0.004164994,null
Init,0,0,0,0.003820956,null
Init,0,0,0,0.003937006,null
Init,0,0,0,0.004294038,null
Init,0,0,0,0.003859997,null
Init,0,0,0,0.003977001,null
Init,0,0,0,0.003966987,null
Init,0,0,0,0.004019022,null
Init,0,0,0,0.004076958,null
Init,0,0,0,0.003821015,null
Init,0,0,0,0.004040003,null
Init,0,0,0,0.004076004,null
Init,0,0,0,0.00395602,null
Init,0,0,0,0.004098952,null
Init,0,0,0,0.003773034,null
Init,0,0,0,0.004104018,null
Init,0,0,0,0.00422895,null
Init,0,0,0,0.003834009,null
Init,0,0,0,0.004424989,null
Init,0,0,0,0.003427029,null
Init,0,0,0,0.003925979,null
Init,0,0,0,0.003998041,null
Init,0,0,0,0.004141986,null
Init,0,0,0,0.004176974,null
Init,0,0,0,0.003977001,null
Init,0,0,0,0.003845036,null
Init,0,0,0,0.004088998,null
Init,0,0,0,0.004103959,null
Init,0,0,0,0.003798008,null
Init,0,0,0,0.004404008,null
Init,0,0,0,0.003555,null
Init,0,0,0,0.00403899,null
Init,0,0,0,0.004263997,null
Init,0,0,0,0.003959,null
Init,0,0,0,0.004040003,null
Init,0,0,0,0.004083037,null
Init,0,0,0,0.003693998,null
Init,0,0,0,0.00394696,null
Init,0,0,0,0.003989995,null
Init,0,0,0,0.004191041,null
Init,0,0,0,0.003893971,null
Init,0,0,0,0.004117012,null
Init,0,0,0,0.003771007,null
Init,0,0,0,0.003942966,null
Init,0,0,0,0.004049003,null
Init,0,0,0,0.004245043,null
Init,0,0,0,0.00416398,null
Init,0,0,0,0.003840029,null
Init,0,0,0,0.003994942,null
Init,0,0,0,0.003515005,null
Init,0,0,0,0.004112005,null
Init,0,0,0,0.004052997,null
Init,0,0,0,0.004143,null
Init,0,0,0,0.004065037,null
Init,0,0,0,0.003782988,null
Init,0,0,0,0.004158974,null
Init,0,0,0,0.004105031,null
Init,0,0,0,0.004257977,null
Init,0,0,0,0.003690004,null
Init,0,0,0,0.004037023,null
Init,0,0,0,0.003740013,null
Init,0,0,0,0.004171968,null
Init,0,0,0,0.004296005,null
Init,0,0,0,0.003745019,null
Init,0,0,0,0.003975987,null
Init,0,0,0,0.003934026,null
Init,0,0,0,0.00394398,null
Init,0,0,0,0.003953993,null
Init,0,0,0,0.00414598,null
Init,0,0,0,0.00394702,null
Init,0,0,0,0.003907979,null
Init,0,0,0,0.00396502,null
Init,0,0,0,0.003970981,null
Init,0,0,0,0.004092991,null
Init,0,0,0,0.004188001,null
Init,0,0,0,0.003967047,null
Init,0,0,0,0.003977954,null
Init,0,0,0,0.004039049,null
Init,0,0,0,0.004092991,null
Init,0,0,0,0.004137993,null
Init,0,0,0,0.00384599,null
Init,0,0,0,0.003983021,null
Init,0,0,0,0.003894985,null
Init,0,0,0,0.003982008,null
Init,0,0,0,0.004000962,null
Init,0,0,0,0.004078031,null
Init,0,0,0,0.00386101,null
Init,0,0,0,0.004181981,null
Init,0,0,0,0.003960013,null
Init,0,0,0,0.003995001,null
Init,0,0,0,0.003805995,null
Init,0,0,0,0.004306972,null
Init,0,0,0,0.003774047,null
Init,0,0,0,0.004221976,null
Init,0,0,0,0.003885031,null
Init,0,0,0,0.003838956,null
Init,0,0,0,0.003989995,null
Init,0,0,0,0.004122019,null
Init,0,0,0,0.003795028,null
Init,0,0,0,0.004110992,null
Init,0,0,0,0.003884971,null
Init,0,0,0,0.004029989,null
Init,0,0,0,0.003980041,null
Init,0,0,0,0.004236996,null
Init,0,0,0,0.003876984,null
Init,0,0,0,0.004152,null
Init,0,0,0,0.003777981,null
Init,0,0,0,0.004132032,null
Init,0,0,0,0.004248977,null
Init,0,0,0,0.003817022,null
Init,0,0,0,0.003953993,null
Init,0,0,0,0.004114985,null
Init,0,0,0,0.00405401,null
Init,0,0,0,0.003982008,null
Init,0,0,0,0.004033983,null
Init,0,0,0,0.003841996,null
Init,0,0,0,0.004022002,null
Init,0,0,0,0.004213989,null
Init,0,0,0,0.003832996,null
Init,0,0,0,0.004074037,null
Init,0,0,0,0.003895998,null
Init,0,0,0,0.003920972,null
Init,0,0,0,0.003917038,null
Init,0,0,0,0.004082978,null
Init,0,0,0,0.004218996,null
Init,0,0,0,0.003800988,null
Init,0,0,0,0.004103005,null
Init,0,0,0,0.003904998,null
Init,0,0,0,0.003978014,null
Init,0,0,0,0.003971994,null
Init,0,0,0,0.003987014,null
Init,0,0,0,0.004031003,null
Init,0,0,0,0.004074991,null
Init,0,0,0,0.003802001,null
Init,0,0,0,0.004073024,null
Init,0,0,0,0.004251957,null
Init,0,0,0,0.003917038,null
Init,0,0,0,0.003777981,null
Init,0,0,0,0.004091024,null
Init,0,0,0,0.003881991,null
Init,0,0,0,0.004083991,null
Init,0,0,0,0.004101992,null
Init,0,0,0,0.003916025,null
Init,0,0,0,0.004043996,null
Init,0,0,0,0.00384599,null
Init,0,0,0,0.004005015,null
Init,0,0,0,0.00416398,null
Init,0,0,0,0.004069984,null
Init,0,0,0,0.003973007,null
Init,0,0,0,0.004123986,null
Init,0,0,0,0.003886044,null
Init,0,0,0,0.003986001,null
Init,0,0,0,0.004104972,null
Init,0,0,0,0.004287004,null
Init,0,0,0,0.003543973,null
Init,0,0,0,0.004085004,null
Init,0,0,0,0.00395602,null
Init,0,0,0,0.003934026,null
Init,0,0,0,0.004158974,null
Init,0,0,0,0.003731012,null
Init,0,0,0,0.003875971,null
Init,0,0,0,0.004221022,null
Init,0,0,0,0.004203975,null
Init,0,0,0,0.003984034,null
Init,0,0,0,0.003726006,null
Init,0,0,0,0.003938973,null
Init,0,0,0,0.00426501,null
Init,0,0,0,0.004074991,null
Init,0,0,0,0.003838003,null
Init,0,0,0,0.004329979,null
Init,0,0,0,0.004159033,null
Init,0,0,0,0.003488004,null
Init,0,0,0,0.004172981,null
Init,0,0,0,0.003897011,null
Init,0,0,0,0.004109979,null
Init,0,0,0,0.004085004,null
Init,0,0,0,0.00367403,null
Init,0,0,0,0.004197001,null
Init,0,0,0,0.004094958,null
Init,0,0,0,0.00395,null
Init,0,0,0,0.004207015,null
Init,0,0,0,0.003580987,null
Init,0,0,0,0.004220009,null
Init,0,0,0,0.004082024,null
Init,0,0,0,0.003713965,null
Init,0,0,0,0.004074037,null
Init,0,0,0,0.003953993,null
Init,0,0,0,0.004019976,null
Init,0,0,0,0.003818035,null
Init,0,0,0,0.004188955,null
Init,0,0,0,0.003968,null
Init,0,0,0,0.00425601,null
Init,0,0,0,0.003777027,null
Init,0,0,0,0.004094005,null
Init,0,0,0,0.003812969,null
Init,0,0,0,0.003992021,null
Init,0,0,0,0.003803015,null
Init,0,0,0,0.004153967,null
Init,0,0,0,0.004076004,null
Init,0,0,0,0.004077017,null
Init,0,0,0,0.00406301,null
Init,0,0,0,0.003989995,null
Init,0,0,0,0.004000962,null
Init,0,0,0,0.003834009,null
Init,0,0,0,0.004121006,null
Init,0,0,0,0.003992021,null
Init,0,0,0,0.004104972,null
Init,0,0,0,0.004202008,null
Init,0,0,0,0.003862023,null
Init,0,0,0,0.003924012,null
Init,0,0,0,0.003807962,null
Init,0,0,0,0.01273,null
Init,0,0,0,0.007872999,null
Init,0,0,0,0.003271997,null
Init,0,0,0,0.004229009,null
Init,0,0,0,0.00397402,null
Init,0,0,0,0.003956974,null
Init,0,0,0,0.004233003,null
Init,0,0,0,0.003871977,null
Init,0,0,0,0.003958046,null
Init,0,0,0,0.003874958,null
Init,0,0,0,0.004113019,null
Init,0,0,0,0.004261017,null
Init,0,0,0,0.003814995,null
Init,0,0,0,0.003973007,null
Init,0,0,0,0.003870964,null
Init,0,0,0,0.004095018,null
Init,0,0,0,0.003908992,null
Init,0,0,0,0.004345,null
Init,0,0,0,0.003771007,null
Init,0,0,0,0.00385201,null
Init,0,0,0,0.004113019,null
Init,0,0,0,0.003937006,null
Init,0,0,0,0.003922999,null
Init,0,0,0,0.004393995,null
Init,0,0,0,0.003775001,null
Init,0,0,0,0.004051983,null
Init,0,0,0,0.003808975,null
Init,0,0,0,0.004254997,null
Init,0,0,0,0.004005015,null
Init,0,0,0,0.004011035,null
Init,0,0,0,0.003814995,null
Init,0,0,0,0.004091978,null
Init,0,0,0,0.003987014,null
Init,0,0,0,0.003859997,null
Init,0,0,0,0.004118979,null
Init,0,0,0,0.003849983,null
Init,0,0,0,0.003918052,null
Init,0,0,0,0.004088998,null
Init,0,0,0,0.00386399,null
Init,0,0,0,0.004275978,null
Init,0,0,0,0.003960013,null
Init,0,0,0,0.003924012,null
Init,0,0,0,0.003921986,null
Init,0,0,0,0.004190981,null
Init,0,0,0,0.003937006,null
Init,0,0,0,0.004229009,null
Init,0,0,0,0.003826022,null
Init,0,0,0,0.004127979,null
Init,0,0,0,0.003930986,null
Init,0,0,0,0.003989995,null
Init,0,0,0,0.003961027,null
Init,0,0,0,0.004381001,null
Init,0,0,0,0.003782988,null
Init,0,0,0,0.003969014,null
Init,0,0,0,0.003924966,null
Init,0,0,0,0.004115999,null
Init,0,0,0,0.003917038,null
Init,0,0,0,0.004106998,null
Init,0,0,0,0.003840983,null
Init,0,0,0,0.004040003,null
Init,0,0,0,0.00406599,null
Init,0,0,0,0.003749013,null
Init,0,0,0,0.003906012,null
Init,0,0,0,0.004314959,null
Init,0,0,0,0.004162014,null
Init,0,0,0,0.003723025,null
Init,0,0,0,0.003784001,null
Init,0,0,0,0.004179001,null
Init,0,0,0,0.003897011,null
Init,0,0,0,0.004349947,null
Init,0,0,0,0.003886044,null
Init,0,0,0,0.004078984,null
Init,0,0,0,0.003850996,null
Init,0,0,0,0.004041016,null
Init,0,0,0,0.004051983,null
Init,0,0,0,0.004004002,null
Init,0,0,0,0.00416702,null
Init,0,0,0,0.003616989,null
Init,0,0,0,0.003870964,null
Init,0,0,0,0.004441023,null
Init,0,0,0,0.003876984,null
Init,0,0,0,0.003819048,null
Init,0,0,0,0.004117966,null
Init,0,0,0,0.003868997,null
Init,0,0,0,0.004074037,null
Init,0,0,0,0.004147947,null
Init,0,0,0,0.003885031,null
Init,0,0,0,0.004049003,null
Init,0,0,0,0.004113972,null
Init,0,0,0,0.003664017,null
Init,0,0,0,0.004271984,null
Init,0,0,0,0.003890991,null
Init,0,0,0,0.003850043,null
Init,0,0,0,0.004046977,null
Init,0,0,0,0.004145026,null
Init,0,0,0,0.003804982,null
Init,0,0,0,0.004284978,null
Init,0,0,0,0.003880024,null
Init,0,0,0,0.00396502,null
Init,0,0,0,0.003989995,null
Init,0,0,0,0.003946006,null
Init,0,0,0,0.003930986,null
Init,0,0,0,0.004144967,null
Init,0,0,0,0.003848016,null
Init,0,0,0,0.003912985,null
Init,0,0,0,0.004181027,null
Init,0,0,0,0.004061997,null
Init,0,0,0,0.004280984,null
Init,0,0,0,0.003930032,null
Init,0,0,0,0.003904998,null
Init,0,0,0,0.003844976,null
Init,0,0,0,0.004036009,null
Init,0,0,0,0.004257023,null
Init,0,0,0,0.003763974,null
Init,0,0,0,0.003908992,null
Init,0,0,0,0.004067004,null
Init,0,0,0,0.003924012,null
Init,0,0,0,0.004203975,null
Init,0,0,0,0.004131019,null
Init,0,0,0,0.003813982,null
Init,0,0,0,0.003814042,null
Init,0,0,0,0.003977954,null
Init,0,0,0,0.003875017,null
Init,0,0,0,0.004076004,null
Init,0,0,0,0.004154027,null
Init,0,0,0,0.003838956,null
Init,0,0,0,0.004236042,null
Init,0,0,0,0.004071951,null
Init,0,0,0,0.003843009,null
Init,0,0,0,0.004195035,null
Init,0,0,0,0.003802955,null
Init,0,0,0,0.004128039,null
Init,0,0,0,0.004019976,null
Init,0,0,0,0.003816009,null
Init,0,0,0,0.003992021,null
Init,0,0,0,0.004265964,null
Init,0,0,0,0.003868043,null
Init,0,0,0,0.004097998,null
Init,0,0,0,0.003856003,null
Init,0,0,0,0.003928959,null
Init,0,0,0,0.00387001,null
Init,0,0,0,0.004103005,null
Init,0,0,0,0.004019976,null
Init,0,0,0,0.004016042,null
Init,0,0,0,0.004004002,null
Init,0,0,0,0.003956974,null
Init,0,0,0,0.004224002,null
Init,0,0,0,0.003959,null
Init,0,0,0,0.003974974,null
Init,0,0,0,0.003768027,null
Init,0,0,0,0.003877997,null
Init,0,0,0,0.00416398,null
Init,0,0,0,0.004115999,null
Init,0,0,0,0.003848016,null
Init,0,0,0,0.004018009,null
Init,0,0,0,0.004001975,null
Init,0,0,0,0.003968,null
Init,0,0,0,0.004341006,null
Init,0,0,0,0.003892004,null
Init,0,0,0,0.003890991,null
Init,0,0,0,0.003987014,null
Init,0,0,0,0.003872037,null
Init,0,0,0,0.003983974,null
Init,0,0,0,0.004211009,null
Init,0,0,0,0.00403899,null
Init,0,0,0,0.004033029,null
Init,0,0,0,0.004068971,null
Init,0,0,0,0.003808022,null
Init,0,0,0,0.003883004,null
Init,0,0,0,0.00423795,null
Init,0,0,0,0.004074037,null
Init,0,0,0,0.003777981,null
Init,0,0,0,0.004109025,null
Init,0,0,0,0.004031003,null
Init,0,0,0,0.004132986,null
Init,0,0,0,0.004081964,null
Init,0,0,0,0.003920019,null
Init,0,0,0,0.004042983,null
Init,0,0,0,0.003937006,null
Init,0,0,0,0.003817022,null
Init,0,0,0,0.004483998,null
Init,0,0,0,0.003232002,null
Init,0,0,0,0.004311979,null
Init,0,0,0,0.003845036,null
Init,0,0,0,0.004197955,null
Init,0,0,0,0.003913045,null
Init,0,0,0,0.004305959,null
Init,0,0,0,0.00377202,null
Init,0,0,0,0.004074991,null
Init,0,0,0,0.003916025,null
Init,0,0,0,0.003992975,null
Init,0,0,0,0.004274011,null
Init,0,0,0,0.003575981,null
Init,0,0,0,0.004290998,null
Init,0,0,0,0.003705025,null
Init,0,0,0,0.004013002,null
Init,0,0,0,0.004037023,null
Init,0,0,0,0.004417002,null
Init,0,0,0,0.003654957,null
Init,0,0,0,0.004168987,null
Init,0,0,0,0.003795028,null
Init,0,0,0,0.004207015,null
Init,0,0,0,0.003749967,null
Init,0,0,0,0.004280031,null
Init,0,0,0,0.003928959,null
Init,0,0,0,0.003886044,null
Init,0,0,0,0.004171968,null
Init,0,0,0,0.004010022,null
Init,0,0,0,0.003960967,null
Init,0,0,0,0.004224002,null
Init,0,0,0,0.003657043,null
Init,0,0,0,0.004359007,null
Init,0,0,0,0.008257985,null
Init,0,0,0,0.003771007,null
Init,0,0,0,0.007319987,null
Init,0,0,0,0.004383028,null
Init,0,0,0,0.003832996,null
Init,0,0,0,0.004566967,null
Init,0,0,0,0.003422022,null
Init,0,0,0,0.004494011,null
Init,0,0,0,0.003639996,null
Init,0,0,0,0.004192948,null
Init,0,0,0,0.003810048,null
Init,0,0,0,0.004167974,null
Init,0,0,0,0.003894985,null
Init,0,0,0,0.007953048,null
Init,0,0,0,0.004302979,null
Init,0,0,0,0.003871977,null
Init,0,0,0,0.003742039,null
Init,0,0,0,0.004018962,null
Init,0,0,0,0.003702998,null
Init,0,0,0,0.004145026,null
Init,0,0,0,0.004628003,null
Init,0,0,0,0.003376007,null
Init,0,0,0,0.004278958,null
Init,0,0,0,0.004115045,null
Init,0,0,0,0.003988981,null
Init,0,0,0,0.003753006,null
Init,0,0,0,0.004157007,null
Init,0,0,0,0.003956974,null
Init,0,0,0,0.004145026,null
Init,0,0,0,0.003609002,null
Init,0,0,0,0.004217982,null
Init,0,0,0,0.004143,null
Init,0,0,0,0.00385499,null
Init,0,0,0,0.02113801,null
Init,0,0,0,0.01110399,null
Init,0,0,0,0.007611036,null
Init,0,0,0,0.004326999,null
Init,0,0,0,0.003874004,null
Init,0,0,0,0.004109979,null
Init,0,0,0,0.004123986,null
Init,0,0,0,0.003517032,null
Init,0,0,0,0.004469991,null
Init,0,0,0,0.004002988,null
Init,0,0,0,0.003816009,null
Init,0,0,0,0.003746986,null
Init,0,0,0,0.003912032,null
Init,0,0,0,0.004334986,null
Init,0,0,0,0.004175007,null
Init,0,0,0,0.003483951,null
Init,0,0,0,0.004109025,null
Init,0,0,0,0.004136026,null
Init,0,0,0,0.003979981,null
Init,0,0,0,0.004146993,null
Init,0,0,0,0.003805995,null
Init,0,0,0,0.003916025,null
Init,0,0,0,0.00405097,null
Init,0,0,0,0.004023015,null
Init,0,0,0,0.004166007,null
Init,0,0,0,0.003969014,null
Init,0,0,0,0.003826976,null
Init,0,0,0,0.004324973,null
Init,0,0,0,0.003798008,null
Init,0,0,0,0.003960013,null
Init,0,0,0,0.004409015,null
Init,0,0,0,0.00356698,null
Init,0,0,0,0.003946006,null
Init,0,0,0,0.004231989,null
Init,0,0,0,0.004038036,null
Init,0,0,0,0.003561974,null
Init,0,0,0,0.004496992,null
Init,0,0,0,0.003748,null
Init,0,0,0,0.004427016,null
Init,0,0,0,0.00365597,null
Init,0,0,0,0.003819048,null
Init,0,0,0,0.00405097,null
Init,0,0,0,0.004100025,null
Init,0,0,0,0.004148006,null
Init,0,0,0,0.003493965,null
Init,0,0,0,0.004227996,null
Init,0,0,0,0.003827989,null
Init,0,0,0,0.004299045,null
Init,0,0,0,0.003811955,null
Init,0,0,0,0.00396204,null
Init,0,0,0,0.003902018,null
Init,0,0,0,0.00413096,null
Init,0,0,0,0.003903985,null
Init,0,0,0,0.004181027,null
Init,0,0,0,0.004279017,null
Init,0,0,0,0.003687978,null
Init,0,0,0,0.004179001,null
Init,0,0,0,0.003921986,null
Init,0,0,0,0.004100025,null
Init,0,0,0,0.003893018,null
Init,0,0,0,0.003932953,null
Init,0,0,0,0.003935993,null
Init,0,0,0,0.003992021,null
Init,0,0,0,0.004390001,null
Init,0,0,0,0.003701985,null
Init,0,0,0,0.003961027,null
Init,0,0,0,0.004230976,null
Init,0,0,0,0.003811002,null
Init,0,0,0,0.003886998,null
Init,0,0,0,0.004235029,null
Init,0,0,0,0.003924012,null
Init,0,0,0,0.003876984,null
Init,0,0,0,0.00395298,null
Init,0,0,0,0.004168034,null
Init,0,0,0,0.003875971,null
Init,0,0,0,0.004312038,null
Init,0,0,0,0.003584981,null
Init,0,0,0,0.004100978,null
Init,0,0,0,0.003915012,null
Init,0,0,0,0.003925025,null
Init,0,0,0,0.003957987,null
Init,0,0,0,0.004429996,null
Init,0,0,0,0.003937006,null
Init,0,0,0,0.003866971,null
Init,0,0,0,0.003872991,null
Init,0,0,0,0.004047036,null
Init,0,0,0,0.004293978,null
Init,0,0,0,0.003840983,null
Init,0,0,0,0.004138052,null
Init,0,0,0,0.003758967,null
Init,0,0,0,0.003960013,null
Init,0,0,0,0.004244983,null
Init,0,0,0,0.004007995,null
Init,0,0,0,0.004013002,null
Init,0,0,0,0.003733039,null
Init,0,0,0,0.004111946,null
Init,0,0,0,0.003922045,null
Init,0,0,0,0.004130006,null
Init,0,0,0,0.003802955,null
Init,0,0,0,0.004097044,null
Init,0,0,0,0.004051983,null
Init,0,0,0,0.003930986,null
Init,0,0,0,0.003897011,null
Init,0,0,0,0.004139006,null
Init,0,0,0,0.003796995,null
Init,0,0,0,0.004261017,null
Init,0,0,0,0.003853977,null
Init,0,0,0,0.004011989,null
Init,0,0,0,0.003881037,null
Init,0,0,0,0.004394948,null
Init,0,0,0,0.003801048,null
Init,0,0,0,0.004115999,null
Init,0,0,0,0.003816962,null
Init,0,0,0,0.004058003,null
Init,0,0,0,0.004020989,null
Init,0,0,0,0.004154027,null
Init,0,0,0,0.003898025,null
Init,0,0,0,0.004002988,null
Init,0,0,0,0.003915966,null
Init,0,0,0,0.004197001,null
Init,0,0,0,0.003705025,null
Init,0,0,0,0.004397988,null
Init,0,0,0,0.003749013,null
Init,0,0,0,0.00404197,null
Init,0,0,0,0.003967047,null
Init,0,0,0,0.004018962,null
Init,0,0,0,0.004408002,null
Init,0,0,0,0.003645003,null
Init,0,0,0,0.003946006,null
Init,0,0,0,0.004217982,null
Init,0,0,0,0.003689051,null
Init,0,0,0,0.004124999,null
Init,0,0,0,0.004029989,null
Init,0,0,0,0.003786981,null
Init,0,0,0,0.004126012,null
Init,0,0,0,0.003955007,null
Init,0,0,0,0.00394696,null
Init,0,0,0,0.006083012,null
Init,0,0,0,0.006098986,null
Init,0,0,0,0.003966033,null
Init,0,0,0,0.004180014,null
Init,0,0,0,0.003696978,null
Init,0,0,0,0.004248023,null
Init,0,0,0,0.003710985,null
Init,0,0,0,0.004086018,null
Init,0,0,0,0.003950953,null
Init,0,0,0,0.004084051,null
Init,0,0,0,0.003919959,null
Init,0,0,0,0.004173994,null
Init,0,0,0,0.003885031,null
Init,0,0,0,0.004029989,null
Init,0,0,0,0.00404501,null
Init,0,0,0,0.003951013,null
Init,0,0,0,0.003997982,null
Init,0,0,0,0.003841996,null
Init,0,0,0,0.004254997,null
Init,0,0,0,0.004150987,null
Init,0,0,0,0.00376904,null
Init,0,0,0,0.004201949,null
Init,0,0,0,0.003820002,null
Init,0,0,0,0.003961027,null
Init,0,0,0,0.003853977,null
Init,0,0,0,0.003958046,null
Init,0,0,0,0.004231989,null
Init,0,0,0,0.003840983,null
Init,0,0,0,0.003977001,null
Init,0,0,0,0.004267991,null
Init,0,0,0,0.003776014,null
Init,0,0,0,0.00413698,null
Init,0,0,0,0.004097998,null
Init,0,0,0,0.00387603,null
Init,0,0,0,0.003993988,null
Init,0,0,0,0.004078984,null
Init,0,0,0,0.003793001,null
Init,0,0,0,0.004231989,null
Init,0,0,0,0.003931999,null
Init,0,0,0,0.004009008,null
Init,0,0,0,0.003786027,null
Init,0,0,0,0.004074991,null
Init,0,0,0,0.004023015,null
Init,0,0,0,0.004296958,null
Init,0,0,0,0.003728032,null
Init,0,0,0,0.004375994,null
Init,0,0,0,0.007745028,null
Init,0,0,0,0.00384897,null
Init,0,0,0,0.004365981,null
Init,0,0,0,0.003792048,null
Init,0,0,0,0.004101992,null
Init,0,0,0,0.003623009,null
Init,0,0,0,0.004132986,null
Init,0,0,0,0.003804982,null
Init,0,0,0,0.004229009,null
Init,0,0,0,0.00383997,null
Init,0,0,0,0.004058003,null
Init,0,0,0,0.004029036,null
Init,0,0,0,0.003971994,null
Init,0,0,0,0.00416702,null
Init,0,0,0,0.003804982,null
Init,0,0,0,0.003904998,null
Init,0,0,0,0.003951967,null
Init,0,0,0,0.004085004,null
Init,0,0,0,0.00397402,null
Init,0,0,0,0.004338026,null
Init,0,0,0,0.003966987,null
Init,0,0,0,0.003924012,null
Init,0,0,0,0.003886998,null
Init,0,0,0,0.003856957,null
Init,0,0,0,0.004320025,null
Init,0,0,0,0.003798008,null
Init,0,0,0,0.004070997,null
Init,0,0,0,0.00434798,null
Init,0,0,0,0.003771007,null
Init,0,0,0,0.003764033,null
Init,0,0,0,0.004286945,null
Init,0,0,0,0.003970027,null
Init,0,0,0,0.003970981,null
Init,0,0,0,0.004006028,null
Init,0,0,0,0.003760993,null
Init,0,0,0,0.004005015,null
Init,0,0,0,0.004179001,null
Init,0,0,0,0.004019976,null
Init,0,0,0,0.003941,null
Init,0,0,0,0.003984034,null
Init,0,0,0,0.004072964,null
Init,0,0,0,0.003858984,null
Init,0,0,0,0.004128039,null
Init,0,0,0,0.003713965,null
Init,0,0,0,0.003962994,null
Init,0,0,0,0.004026055,null
Init,0,0,0,0.004189968,null
Init,0,0,0,0.003908992,null
Init,0,0,0,0.004215002,null
Init,0,0,0,0.003777981,null
Init,0,0,0,0.003907025,null
Init,0,0,0,0.004028022,null
Init,0,0,0,0.004153967,null
Init,0,0,0,0.003946006,null
Init,0,0,0,0.004217029,null
Init,0,0,0,0.003965974,null
Init,0,0,0,0.003831029,null
Init,0,0,0,0.004078984,null
Init,0,0,0,0.01931196,null
Init,0,0,0,0.004878044,null
Init,0,0,0,0.003762007,null
Init,0,0,0,0.003986001,null
Init,0,0,0,0.004171968,null
Init,0,0,0,0.004029989,null
Init,0,0,0,0.003666043,null
Init,0,0,0,0.003990948,null
Init,0,0,0,0.00406605,null
Init,0,0,0,0.004296005,null
Init,0,0,0,0.003808975,null
Init,0,0,0,0.003925025,null
Init,0,0,0,0.004123986,null
Init,0,0,0,0.003978968,null
Init,0,0,0,0.003960013,null
Init,0,0,0,0.004251003,null
Init,0,0,0,0.004046023,null
Init,0,0,0,0.00386095,null
Init,0,0,0,0.004067004,null
Init,0,0,0,0.003895998,null
Init,0,0,0,0.003954053,null
Init,0,0,0,0.004176974,null
Init,0,0,0,0.003798008,null
Init,0,0,0,0.003804982,null
Init,0,0,0,0.004133999,null
Init,0,0,0,0.003890038,null
Init,0,0,0,0.003993988,null
Init,0,0,0,0.004086971,null
Init,0,0,0,0.003952026,null
Init,0,0,0,0.004054964,null
Init,0,0,0,0.004038036,null
Init,0,0,0,0.003924012,null
Init,0,0,0,0.004098952,null
Init,0,0,0,0.003994048,null
Init,0,0,0,0.003993988,null
Init,0,0,0,0.00406301,null
Init,0,0,0,0.003877997,null
Init,0,0,0,0.003939986,null
Init,0,0,0,0.004153967,null
Init,0,0,0,0.003815055,null
Init,0,0,0,0.003989995,null
Init,0,0,0,0.004293978,null
Init,0,0,0,0.003943026,null
Init,0,0,0,0.004467964,null
Init,0,0,0,0.003546,null
Init,0,0,0,0.003856003,null
Init,0,0,0,0.004208982,null
Init,0,0,0,0.003929019,null
Init,0,0,0,0.003825009,null
Init,0,0,0,0.004171014,null
Init,0,0,0,0.004085958,null
Init,0,0,0,0.003930032,null
Init,0,0,0,0.003920019,null
Init,0,0,0,0.004023969,null
Init,0,0,0,0.004168987,null
Init,0,0,0,0.003908992,null
Init,0,0,0,0.003807008,null
Init,0,0,0,0.004103005,null
Init,0,0,0,0.003970027,null
Init,0,0,0,0.004106998,null
Init,0,0,0,0.004059017,null
Init,0,0,0,0.003927946,null
Init,0,0,0,0.004249036,null
Init,0,0,0,0.003780961,null
Init,0,0,0,0.003915012,null
Init,0,0,0,0.00396204,null
Init,0,0,0,0.004074991,null
Init,0,0,0,0.003933012,null
Init,0,0,0,0.004256964,null
Init,0,0,0,0.004127026,null
Init,0,0,0,0.003749967,null
Init,0,0,0,0.004136026,null
Init,0,0,0,0.003782988,null
Init,0,0,0,0.00424701,null
Init,0,0,0,0.00377202,null
Init,0,0,0,0.004000962,null
Init,0,0,0,0.004450023,null
Init,0,0,0,0.00345701,null
Init,0,0,0,0.004360974,null
Init,0,0,0,0.003413022,null
Init,0,0,0,0.004328966,null
Init,0,0,0,0.003890991,null
Init,0,0,0,0.00406301,null
Init,0,0,0,0.004011035,null
Init,0,0,0,0.004001975,null
Init,0,0,0,0.003944993,null
Init,0,0,0,0.004033029,null
Init,0,0,0,0.004078984,null
Init,0,0,0,0.004101992,null
Init,0,0,0,0.003847003,null
Init,0,0,0,0.003934026,null
Init,0,0,0,0.004132986,null
Init,0,0,0,0.003807008,null
Init,0,0,0,0.004296005,null
Init,0,0,0,0.003897965,null
Init,0,0,0,0.003782034,null
Init,0,0,0,0.004292965,null
Init,0,0,0,0.003827989,null
Init,0,0,0,0.004189014,null
Init,0,0,0,0.003706992,null
Init,0,0,0,0.004209995,null
Init,0,0,0,0.003759027,null
Init,0,0,0,0.004100978,null
Init,0,0,0,0.004364014,null
Init,0,0,0,0.003683031,null
Init,0,0,0,0.003897965,null
Init,0,0,0,0.003894031,null
Init,0,0,0,0.004110992,null
Init,0,0,0,0.003989995,null
Init,0,0,0,0.004281998,null
Init,0,0,0,0.003883004,null
Init,0,0,0,0.00406599,null
Init,0,0,0,0.003979027,null
Init,0,0,0,0.003885984,null
Init,0,0,0,0.004023015,null
Init,0,0,0,0.004129946,null
Init,0,0,0,0.00405705,null
Init,0,0,0,0.004015982,null
Init,0,0,0,0.003835976,null
Init,0,0,0,0.004079044,null
Init,0,0,0,0.004040956,null
Init,0,0,0,0.003813028,null
Init,0,0,0,0.003975987,null
Init,0,0,0,0.003884017,null
Init,0,0,0,0.003980994,null
Init,0,0,0,0.004261017,null
Init,0,0,0,0.004194975,null
Init,0,0,0,0.00375098,null
Init,0,0,0,0.003895998,null
Init,0,0,0,0.004034996,null
Init,0,0,0,0.00395602,null
Init,0,0,0,0.003910005,null
Init,0,0,0,0.004257977,null
Init,0,0,0,0.003775001,null
Init,0,0,0,0.00405705,null
Init,0,0,0,0.003954947,null
Init,0,0,0,0.003995001,null
Init,0,0,0,0.003942013,null
Init,0,0,0,0.004423022,null
Init,0,0,0,0.003764987,null
Init,0,0,0,0.004024982,null
Init,0,0,0,0.004335046,null
Init,0,0,0,0.003746986,null
Init,0,0,0,0.004436016,null
Init,0,0,0,0.003641963,null
Init,0,0,0,0.003876984,null
Init,0,0,0,0.003997028,null
Init,0,0,0,0.004222989,null
Init,0,0,0,0.003825009,null
Init,0,0,0,0.004194975,null
Init,0,0,0,0.003742039,null
Init,0,0,0,0.004031003,null
Init,0,0,0,0.003964961,null
Init,0,0,0,0.00385505,null
Init,0,0,0,0.003986001,null
Init,0,0,0,0.004138947,null
Init,0,0,0,0.003830016,null
Init,0,0,0,0.003903985,null
Init,0,0,0,0.00396204,null
Init,0,0,0,0.004348993,null
Init,0,0,0,0.003998995,null
Init,0,0,0,0.003881991,null
Init,0,0,0,0.003948033,null
Init,0,0,0,0.004004955,null
Init,0,0,0,0.004011035,null
Init,0,0,0,0.004070997,null
Init,0,0,0,0.00406599,null
Init,0,0,0,0.003991008,null
Init,0,0,0,0.003793001,null
Init,0,0,0,0.003956974,null
Init,0,0,0,0.004153013,null
Init,0,0,0,0.004248977,null
Init,0,0,0,0.003883004,null
Init,0,0,0,0.003800035,null
Init,0,0,0,0.004024982,null
Init,0,0,0,0.00395,null
Init,0,0,0,0.00414902,null
Init,0,0,0,0.004144967,null
Init,0,0,0,0.003939986,null
Test,0,0,0,0.005001009,null
Test,0,0,0,0.007086992,null
Test,0,0,0,0.00396502,null
Test,0,0,0,0.003857017,null
Test,0,0,0,0.00406301,null
Test,0,0,0,0.003786981,null
Test,0,0,0,0.004094005,null
Test,0,0,0,0.004176021,null
Test,0,0,0,0.003975987,null
Test,0,0,0,0.00394398,null
Test,0,0,0,0.003825009,null
Test,0,0,0,0.003948987,null
Test,0,0,0,0.003944039,null
Test,0,0,0,0.004161954,null
Test,0,0,0,0.003989041,null
Test,0,0,0,0.003915966,null
Test,0,0,0,0.004328012,null
Test,0,0,0,0.003910005,null
Test,0,0,0,0.003843009,null
Test,0,0,0,0.004149973,null
Test,0,0,0,0.004043996,null
Test,0,0,0,0.003925025,null
Test,0,0,0,0.003906965,null
Test,0,0,0,0.003995001,null
Test,0,0,0,0.004236042,null
Test,0,0,0,0.003892004,null
Test,0,0,0,0.003893971,null
Test,0,0,0,0.003998995,null
Test,0,0,0,0.004123032,null
Test,0,0,0,0.004190981,null
Test,0,0,0,0.003895998,null
Test,0,0,0,0.004004002,null
Test,0,0,0,0.003957987,null
Test,0,0,0,0.003641009,null
Test,0,0,0,0.004226983,null
Test,0,0,0,0.004061997,null
Test,0,0,0,0.003899038,null
Test,0,0,0,0.003968954,null
Test,0,0,0,0.003886044,null
Test,0,0,0,0.01252496,null
Test,0,0,0,0.003589034,null
Test,0,0,0,0.003993988,null
Test,0,0,0,0.004100978,null
Test,0,0,0,0.003930032,null
Test,0,0,0,0.003879964,null
Test,0,0,0,0.004373014,null
Test,0,0,0,0.00375104,null
Test,0,0,0,0.003777981,null
Test,0,0,0,0.004518986,null
Test,0,0,0,0.003780007,null
Test,0,0,0,0.004025996,null
Test,0,0,0,0.004034996,null
Test,0,0,0,0.003939986,null
Test,0,0,0,0.003983021,null
Test,0,0,0,0.004007995,null
Test,0,0,0,0.003980994,null
Test,0,0,0,0.004114985,null
Test,0,0,0,0.003768027,null
Test,0,0,0,0.004025996,null
Test,0,0,0,0.00404501,null
Test,0,0,0,0.004015982,null
Test,0,0,0,0.003863037,null
Test,0,0,0,0.004138947,null
Test,0,0,0,0.004082024,null
Test,0,0,0,0.004099011,null
Test,0,0,0,0.01769,null
Test,0,0,0,0.006150007,null
Test,0,0,0,0.004060984,null
Test,0,0,0,0.003961027,null
Test,0,0,0,0.004009962,null
Test,0,0,0,0.004033983,null
Test,0,0,0,0.00405103,null
Test,0,0,0,0.003920972,null
Test,0,0,0,0.00387603,null
Test,0,0,0,0.004337966,null
Test,0,0,0,0.003631055,null
Test,0,0,0,0.004381955,null
Test,0,0,0,0.003798008,null
Test,0,0,0,0.00385499,null
Test,0,0,0,0.00424403,null
Test,0,0,0,0.003919005,null
Test,0,0,0,0.003931999,null
Test,0,0,0,0.004063964,null
Test,0,0,0,0.003838003,null
Test,0,0,0,0.004019022,null
Test,0,0,0,0.004243016,null
Test,0,0,0,0.003970981,null
Test,0,0,0,0.003786981,null
Test,0,0,0,0.004052043,null
Test,0,0,0,0.004055977,null
Test,0,0,0,0.004131019,null
Test,0,0,0,0.003785968,null
Test,0,0,0,0.003879011,null
Test,0,0,0,0.003982008,null
Test,0,0,0,0.004170001,null
Test,0,0,0,0.00385201,null
Test,0,0,0,0.004146993,null
Test,0,0,0,0.004031003,null
Test,0,0,0,0.00403899,null
Test,0,0,0,0.003884017,null
Test,0,0,0,0.003895998,null
Test,0,0,0,0.004218996,null
Test,0,0,0,0.003764987,null
Test,0,0,0,0.004095972,null
Test,0,0,0,0.004175007,null
Test,0,0,0,0.004011035,null
Test,0,0,0,0.004186988,null
Test,0,0,0,0.003755987,null
Test,0,0,0,0.003796995,null
Test,0,0,0,0.004175007,null
Test,0,0,0,0.004177034,null
Test,0,0,0,0.00403595,null
Test,0,0,0,0.003813028,null
Test,0,0,0,0.004055977,null
Test,0,0,0,0.003756046,null
Test,0,0,0,0.004189968,null
Test,0,0,0,0.004038036,null
Test,0,0,0,0.003900945,null
Test,0,0,0,0.003985047,null
Test,0,0,0,0.003965974,null
Test,0,0,0,0.003946006,null
Test,0,0,0,0.003947973,null
Test,0,0,0,0.004183054,null
Test,0,0,0,0.003971994,null
Test,0,0,0,0.003971994,null
Test,0,0,0,0.003993988,null
Test,0,0,0,0.003955007,null
Test,0,0,0,0.003944993,null
Test,0,0,0,0.004162014,null
Test,0,0,0,0.004079998,null
Test,0,0,0,0.003995001,null
Test,0,0,0,0.003947973,null
Test,0,0,0,0.003966033,null
Test,0,0,0,0.003881991,null
Test,0,0,0,0.004190981,null
Test,0,0,0,0.003946006,null
Test,0,0,0,0.004100978,null
Test,0,0,0,0.003917992,null
Test,0,0,0,0.003859043,null
Test,0,0,0,0.004257977,null
Test,0,0,0,0.003737986,null
Test,0,0,0,0.003931999,null
Test,0,0,0,0.004238009,null
Test,0,0,0,0.003922999,null
Test,0,0,0,0.00387603,null
Test,0,0,0,0.00413698,null
Test,0,0,0,0.003910005,null
Test,0,0,0,0.003980994,null
Test,0,0,0,0.004077017,null
Test,0,0,0,0.004001975,null
Test,0,0,0,0.004097998,null
Test,0,0,0,0.003782988,null
Test,0,0,0,0.004130006,null
Test,0,0,0,0.003929019,null
Test,0,0,0,0.004042029,null
Test,0,0,0,0.003875971,null
Test,0,0,0,0.004387021,null
Test,0,0,0,0.00375998,null
Test,0,0,0,0.003998995,null
Test,0,0,0,0.003913999,null
Test,0,0,0,0.004011989,null
Test,0,0,0,0.004088044,null
Test,0,0,0,0.004037976,null
Test,0,0,0,0.004028022,null
Test,0,0,0,0.003921986,null
Test,0,0,0,0.00385797,null
Test,0,0,0,0.003998995,null
Test,0,0,0,0.004031003,null
Test,0,0,0,0.004203022,null
Test,0,0,0,0.003912985,null
Test,0,0,0,0.004020989,null
Test,0,0,0,0.003910005,null
Test,0,0,0,0.004074037,null
Test,0,0,0,0.00424999,null
Test,0,0,0,0.003718972,null
Test,0,0,0,0.004088998,null
Test,0,0,0,0.004097998,null
Test,0,0,0,0.003711045,null
Test,0,0,0,0.004161,null
Test,0,0,0,0.003885984,null
Test,0,0,0,0.004128993,null
Test,0,0,0,0.004233003,null
Test,0,0,0,0.003786027,null
Test,0,0,0,0.004018962,null
Test,0,0,0,0.004126012,null
Test,0,0,0,0.003781974,null
Test,0,0,0,0.004087031,null
Test,0,0,0,0.003893971,null
Test,0,0,0,0.003841043,null
Test,0,0,0,0.004211962,null
Test,0,0,0,0.004121006,null
Test,0,0,0,0.003841996,null
Test,0,0,0,0.003989995,null
Test,0,0,0,0.003924012,null
Test,0,0,0,0.00395298,null
Test,0,0,0,0.004316032,null
Test,0,0,0,0.003928006,null
Test,0,0,0,0.004079998,null
Test,0,0,0,0.003875017,null
Test,0,0,0,0.004088998,null
Test,0,0,0,0.003905952,null
Test,0,0,0,0.004128039,null
Test,0,0,0,0.004028976,null
Test,0,0,0,0.00384903,null
Test,0,0,0,0.003928959,null
Test,0,0,0,0.004182994,null
Test,0,0,0,0.004059017,null
Test,0,0,0,0.003681004,null
Test,0,0,0,0.003970981,null
Test,0,0,0,0.004077017,null
Test,0,0,0,0.00436002,null
Test,0,0,0,0.00751996,null
Test,0,0,0,0.004122019,null
Test,0,0,0,0.003984988,null
Test,0,0,0,0.00397104,null
Test,0,0,0,0.003902972,null
Test,0,0,0,0.004083991,null
Test,0,0,0,0.004182041,null
Test,0,0,0,0.003905952,null
Test,0,0,0,0.003857017,null
Test,0,0,0,0.004097998,null
Test,0,0,0,0.003890991,null
Test,0,0,0,0.004248023,null
Test,0,0,0,0.003884017,null
Test,0,0,0,0.004020989,null
Test,0,0,0,0.003872991,null
Test,0,0,0,0.00405699,null
Test,0,0,0,0.004287004,null
Test,0,0,0,0.003782034,null
Test,0,0,0,0.003858984,null
Test,0,0,0,0.004216015,null
Test,0,0,0,0.003960967,null
Test,0,0,0,0.004001021,null
Test,0,0,0,0.004040956,null
Test,0,0,0,0.004142046,null
Test,0,0,0,0.003738999,null
Test,0,0,0,0.003904998,null
Test,0,0,0,0.004158974,null
Test,0,0,0,0.004211009,null
Test,0,0,0,0.003880978,null
Test,0,0,0,0.003939033,null
Test,0,0,0,0.003799975,null
Test,0,0,0,0.004002035,null
Test,0,0,0,0.004099965,null
Test,0,0,0,0.004195035,null
Test,0,0,0,0.003955007,null
Test,0,0,0,0.003893971,null
Test,0,0,0,0.004024982,null
Test,0,0,0,0.003949046,null
Test,0,0,0,0.004458964,null
Test,0,0,0,0.003677011,null
Test,0,0,0,0.004042029,null
Test,0,0,0,0.003656983,null
Test,0,0,0,0.00426501,null
Test,0,0,0,0.003932953,null
Test,0,0,0,0.009012997,null
Test,0,0,0,0.002686024,null
Test,0,0,0,0.00446403,null
Test,0,0,0,0.007860959,null
Test,0,0,0,0.004390001,null
Test,0,0,0,0.01546299,null
Test,0,0,0,0.016626,null
Test,0,0,0,0.003316998,null
Test,0,0,0,0.004133999,null
Test,0,0,0,0.004097998,null
Test,0,0,0,0.00395,null
Test,0,0,0,0.003732026,null
Test,0,0,0,0.004438996,null
Test,0,0,0,0.003857017,null
Test,0,0,0,0.003982008,null
Test,0,0,0,0.004040003,null
Test,0,0,0,0.00385195,null
Test,0,0,0,0.004068017,null
Test,0,0,0,0.004243016,null
Test,0,0,0,0.003755987,null
Test,0,0,0,0.003942013,null
Test,0,0,0,0.004004002,null
Test,0,0,0,0.00396198,null
Test,0,0,0,0.004418015,null
Test,0,0,0,0.003872991,null
Test,0,0,0,0.003989995,null
Test,0,0,0,0.004023015,null
Test,0,0,0,0.003841996,null
Test,0,0,0,0.003939986,null
Test,0,0,0,0.00406003,null
Test,0,0,0,0.003895998,null
Test,0,0,0,0.004078984,null
Test,0,0,0,0.003979981,null
Test,0,0,0,0.003937006,null
Test,0,0,0,0.004364014,null
Test,0,0,0,0.003785014,null
Test,0,0,0,0.003871977,null
Test,0,0,0,0.003888011,null
Test,0,0,0,0.003975987,null
Test,0,0,0,0.004179001,null
Test,0,0,0,0.003987014,null
Test,0,0,0,0.004005969,null
Test,0,0,0,0.003984034,null
Test,0,0,0,0.003956974,null
Test,0,0,0,0.00406599,null
Test,0,0,0,0.004187047,null
Test,0,0,0,0.003879964,null
Test,0,0,0,0.01934505,null
Test,0,0,0,0.004761994,null
Test,0,0,0,0.003887951,null
Test,0,0,0,0.003906012,null
Test,0,0,0,0.004278004,null
Test,0,0,0,0.004161,null
Test,0,0,0,0.003835022,null
Test,0,0,0,0.003856003,null
Test,0,0,0,0.004218996,null
Test,0,0,0,0.003835976,null
Test,0,0,0,0.003796041,null
Test,0,0,0,0.004155993,null
Test,0,0,0,0.004193962,null
Test,0,0,0,0.003831029,null
Test,0,0,0,0.003800988,null
Test,0,0,0,0.004010975,null
Test,0,0,0,0.004161,null
Test,0,0,0,0.004012048,null
Test,0,0,0,0.00403595,null
Test,0,0,0,0.003820002,null
Test,0,0,0,0.003930032,null
Test,0,0,0,0.004326999,null
Test,0,0,0,0.003906012,null
Test,0,0,0,0.003892958,null
Test,0,0,0,0.004194021,null
Test,0,0,0,0.004137993,null
Test,0,0,0,0.003591001,null
Test,0,0,0,0.004297018,null
Test,0,0,0,0.003915012,null
Test,0,0,0,0.00395298,null
Test,0,0,0,0.003979981,null
Test,0,0,0,0.003921032,null
Test,0,0,0,0.00415498,null
Test,0,0,0,0.003885031,null
Test,0,0,0,0.00395596,null
Test,0,0,0,0.003951013,null
Test,0,0,0,0.004109025,null
Test,0,0,0,0.004221976,null
Test,0,0,0,0.003777027,null
Test,0,0,0,0.003892958,null
Test,0,0,0,0.004137039,null
Test,0,0,0,0.004052997,null
Test,0,0,0,0.003911972,null
Test,0,0,0,0.004123032,null
Test,0,0,0,0.003752947,null
Test,0,0,0,0.004073024,null
Test,0,0,0,0.003912032,null
Test,0,0,0,0.004078984,null
Test,0,0,0,0.004092991,null
Test,0,0,0,0.004019976,null
Test,0,0,0,0.003871024,null
Test,0,0,0,0.003934979,null
Test,0,0,0,0.004007041,null
Test,0,0,0,0.00416398,null
Test,0,0,0,0.004135966,null
Test,0,0,0,0.003966033,null
Test,0,0,0,0.004073024,null
Test,0,0,0,0.003978968,null
Test,0,0,0,0.004058003,null
Test,0,0,0,0.00386399,null
Test,0,0,0,0.003977001,null
Test,0,0,0,0.004031003,null
Test,0,0,0,0.003939986,null
Test,0,0,0,0.004067004,null
Test,0,0,0,0.003943026,null
Test,0,0,0,0.004113019,null
Test,0,0,0,0.004174948,null
Test,0,0,0,0.003645003,null
Test,0,0,0,0.003967047,null
Test,0,0,0,0.00403899,null
Test,0,0,0,0.003868997,null
Test,0,0,0,0.004180968,null
Test,0,0,0,0.003888011,null
Test,0,0,0,0.00384599,null
Test,0,0,0,0.004005015,null
Test,0,0,0,0.004287004,null
Test,0,0,0,0.00414598,null
Test,0,0,0,0.003704011,null
Test,0,0,0,0.004123032,null
Test,0,0,0,0.003899992,null
Test,0,0,0,0.003953993,null
Test,0,0,0,0.00405699,null
Test,0,0,0,0.004060984,null
Test,0,0,0,0.003799021,null
Test,0,0,0,0.004271984,null
Test,0,0,0,0.003894985,null
Test,0,0,0,0.003785014,null
Test,0,0,0,0.004082024,null
Test,0,0,0,0.004343987,null
Test,0,0,0,0.003728032,null
Test,0,0,0,0.004007995,null
Test,0,0,0,0.003972948,null
Test,0,0,0,0.003958046,null
Test,0,0,0,0.004166961,null
Test,0,0,0,0.004321039,null
Test,0,0,0,0.003802001,null
Test,0,0,0,0.003811955,null
Test,0,0,0,0.003865004,null
Test,0,0,0,0.003922045,null
Test,0,0,0,0.004063964,null
Test,0,0,0,0.004126012,null
Test,0,0,0,0.003877997,null
Test,0,0,0,0.004020989,null
Test,0,0,0,0.003953993,null
Test,0,0,0,0.004033029,null
Test,0,0,0,0.003969967,null
Test,0,0,0,0.004140019,null
Test,0,0,0,0.003997028,null
Test,0,0,0,0.003902972,null
Test,0,0,0,0.004072011,null
Test,0,0,0,0.004149973,null
Test,0,0,0,0.004127026,null
Test,0,0,0,0.003925025,null
Test,0,0,0,0.004063964,null
Test,0,0,0,0.003827035,null
Test,0,0,0,0.003968,null
Test,0,0,0,0.003816962,null
Test,0,0,0,0.004204035,null
Test,0,0,0,0.00393796,null
Test,0,0,0,0.00406301,null
Test,0,0,0,0.003924012,null
Test,0,0,0,0.004036009,null
Test,0,0,0,0.003899992,null
Test,0,0,0,0.004194975,null
Test,0,0,0,0.003899992,null
Test,0,0,0,0.004013002,null
Test,0,0,0,0.004065037,null
Test,0,0,0,0.004090011,null
Test,0,0,0,0.004000962,null
Test,0,0,0,0.004010022,null
Test,0,0,0,0.003831983,null
Test,0,0,0,0.003925025,null
Test,0,0,0,0.004049003,null
Test,0,0,0,0.004107952,null
Test,0,0,0,0.004076004,null
Test,0,0,0,0.003922999,null
Test,0,0,0,0.003906012,null
Test,0,45,0,0.004328012,null
Test,0,45,0,0.007764995,null
Test,0,45,0,0.004112005,null
Test,0,45,0,0.003714025,null
Test,0,45,0,0.004203975,null
Test,0,45,0,0.003962994,null
Test,0,45,0,0.004289031,null
Test,0,45,0,0.003898978,null
Test,0,45,0,0.003916979,null
Test,0,45,0,0.003961027,null
Test,0,45,0,0.003834009,null
Test,0,45,0,0.003881991,null
Test,0,45,0,0.004207015,null
Test,0,45,0,0.004022002,null
Test,0,45,0,0.004013956,null
Test,0,45,0,0.004126012,null
Test,0,45,0,0.003937006,null
Test,0,45,0,0.003803015,null
Test,0,45,0,0.004108012,null
Test,0,45,0,0.004095972,null
Test,0,45,0,0.00396502,null
Test,0,45,0,0.004067957,null
Test,0,45,0,0.003719032,null
Test,0,45,0,0.004482985,null
Test,0,45,0,0.007385015,null
Test,0,45,0,0.004014969,null
Test,0,45,0,0.003999054,null
Test,0,45,0,0.004257977,null
Test,0,45,0,0.003941,null
Test,0,45,0,0.004019022,null
Test,0,45,0,0.004143953,null
Test,0,45,0,0.004218042,null
Test,0,45,0,0.003461957,null
Test,0,45,0,0.004438043,null
Test,0,45,0,0.003757954,null
Test,0,45,0,0.004010022,null
Test,0,45,0,0.003944993,null
Test,0,45,0,0.004032016,null
Test,0,45,0,0.004014969,null
Test,0,45,0,0.004024029,null
Test,0,45,0,0.003964007,null
Test,0,45,0,0.00404799,null
Test,0,45,0,0.00394702,null
Test,0,45,0,0.004122972,null
Test,0,45,0,0.004096031,null
Test,0,45,0,0.003808975,null
Test,0,45,0,0.003991008,null
Test,0,45,0,0.004118979,null
Test,0,45,0,0.003808022,null
Test,0,45,0,0.004079998,null
Test,0,45,0,0.004055023,null
Test,0,45,0,0.003825963,null
Test,0,45,0,0.003854036,null
Test,0,45,0,0.004221976,null
Test,0,45,0,0.004077017,null
Test,0,45,0,0.003795981,null
Test,0,45,0,0.004153013,null
Test,0,45,0,0.003995955,null
Test,0,45,0,0.003882051,null
Test,0,45,0,0.003977001,null
Test,0,45,0,0.003997982,null
Test,0,45,0,0.003935993,null
Test,0,45,0,0.004284978,null
Test,0,45,0,0.004002035,null
Test,0,45,0,0.003980994,null
Test,0,45,0,0.004050016,null
Test,0,45,0,0.003912985,null
Test,0,45,0,0.004092991,null
Test,0,45,0,0.004007995,null
Test,0,45,0,0.004141033,null
Test,0,45,0,0.003752947,null
Test,0,45,0,0.003924012,null
Test,0,45,0,0.004064023,null
Test,0,45,0,0.004208982,null
Test,0,45,0,0.003831029,null
Test,0,45,0,0.003865957,null
Test,0,45,0,0.004016042,null
Test,0,45,0,0.003980994,null
Test,0,45,0,0.004018962,null
Test,0,45,0,0.004128039,null
Test,0,45,0,0.003977001,null
Test,0,45,0,0.003895998,null
Test,0,45,0,0.004059017,null
Test,0,45,0,0.003988981,null
Test,0,45,0,0.004211009,null
Test,0,45,0,0.003677964,null
Test,0,45,0,0.004213035,null
Test,0,45,0,0.003969967,null
Test,0,45,0,0.003975034,null
Test,0,45,0,0.00413996,null
Test,0,45,0,0.003756046,null
Test,0,45,0,0.004017949,null
Test,0,45,0,0.004033029,null
Test,0,45,0,0.004074991,null
Test,0,45,0,0.003979981,null
Test,0,45,0,0.004287004,null
Test,0,45,0,0.00394702,null
Test,0,45,0,0.003749013,null
Test,0,45,0,0.004121006,null
Test,0,45,0,0.00403899,null
Test,0,45,0,0.003911018,null
Test,0,45,0,0.004027963,null
Test,0,45,0,0.003875017,null
Test,0,45,0,0.004040003,null
Test,0,45,0,0.003853977,null
Test,0,45,0,0.00406003,null
Test,0,45,0,0.003960967,null
Test,0,45,0,0.013466,null
Test,0,45,0,0.01170599,null
Test,0,45,0,0.002606034,null
Test,0,45,0,0.00425297,null
Test,0,45,0,0.004220009,null
Test,0,45,0,0.003868997,null
Test,0,45,0,0.003979027,null
Test,0,45,0,0.004184961,null
Test,0,45,0,0.003672004,null
Test,0,45,0,0.00446403,null
Test,0,45,0,0.003874004,null
Test,0,45,0,0.00385797,null
Test,0,45,0,0.004251003,null
Test,0,45,0,0.003597021,null
Test,0,45,0,0.004009008,null
Test,0,45,0,0.003865004,null
Test,0,45,0,0.004031003,null
Test,0,45,0,0.004144967,null
Test,0,45,0,0.004141033,null
Test,0,45,0,0.00405097,null
Test,0,45,0,0.003868997,null
Test,0,45,0,0.003911018,null
Test,0,45,0,0.004170001,null
Test,0,45,0,0.003970981,null
Test,0,45,0,0.004019022,null
Test,0,45,0,0.004168987,null
Test,0,45,0,0.003677011,null
Test,0,45,0,0.004113019,null
Test,0,45,0,0.004354954,null
Test,0,45,0,0.003576994,null
Test,0,45,0,0.004112005,null
Test,0,45,0,0.003901005,null
Test,0,45,0,0.003948033,null
Test,0,45,0,0.003930986,null
Test,0,45,0,0.004334986,null
Test,0,45,0,0.00395304,null
Test,0,45,0,0.003771961,null
Test,0,45,0,0.004049003,null
Test,0,45,0,0.004047036,null
Test,0,45,0,0.004201949,null
Test,0,45,0,0.003930032,null
Test,0,45,0,0.003884017,null
Test,0,45,0,0.00384599,null
Test,0,45,0,0.004181981,null
Test,0,45,0,0.004217982,null
Test,0,45,0,0.003866017,null
Test,0,45,0,0.003834009,null
Test,0,45,0,0.004024982,null
Test,0,45,0,0.003995001,null
Test,0,45,0,0.004238009,null
Test,0,45,0,0.003911018,null
Test,0,45,0,0.003897011,null
Test,0,45,0,0.003977954,null
Test,0,45,0,0.003993988,null
Test,0,45,0,0.004214048,null
Test,0,45,0,0.003705978,null
Test,0,45,0,0.004171014,null
Test,0,45,0,0.004043996,null
Test,0,45,0,0.004025996,null
Test,0,45,0,0.003901005,null
Test,0,45,0,0.003818989,null
Test,0,45,0,0.00425303,null
Test,0,45,0,0.003691971,null
Test,0,45,0,0.004203975,null
Test,0,45,0,0.003929019,null
Test,0,45,0,0.003899992,null
Test,0,45,0,0.004020035,null
Test,0,45,0,0.004188955,null
Test,0,45,0,0.003819048,null
Test,0,45,0,0.004004002,null
Test,0,45,0,0.004168987,null
Test,0,45,0,0.004072011,null
Test,0,45,0,0.004162967,null
Test,0,45,0,0.003753006,null
Test,0,45,0,0.004032016,null
Test,0,45,0,0.003982008,null
Test,0,45,0,0.003915966,null
Test,0,45,0,0.004104018,null
Test,0,45,0,0.003937006,null
Test,0,45,0,0.004009008,null
Test,0,45,0,0.00405699,null
Test,0,45,0,0.004037976,null
Test,0,45,0,0.003911018,null
Test,0,45,0,0.003946006,null
Test,0,45,0,0.004315019,null
Test,0,45,0,0.003796995,null
Test,0,45,0,0.003935993,null
Test,0,45,0,0.003962994,null
Test,0,45,0,0.003913999,null
Test,0,45,0,0.003968,null
Test,0,45,0,0.004126966,null
Test,0,45,0,0.004025042,null
Test,0,45,0,0.004027009,null
Test,0,45,0,0.004155993,null
Test,0,45,0,0.004015982,null
Test,0,45,0,0.003938973,null
Test,0,45,0,0.003949046,null
Test,0,45,0,0.003920972,null
Test,0,45,0,0.003995001,null
Test,0,45,0,0.004001021,null
Test,0,45,0,0.003911972,null
Test,0,45,0,0.004172027,null
Test,0,45,0,0.003895998,null
Test,0,45,0,0.003996968,null
Test,0,45,0,0.003959,null
Test,0,45,0,0.003939033,null
Test,0,45,0,0.004049003,null
Test,0,45,0,0.004335999,null
Test,0,45,0,0.003629982,null
Test,0,45,0,0.004182994,null
Test,0,45,0,0.004194021,null
Test,0,45,0,0.003726959,null
Test,0,45,0,0.004497051,null
Test,0,45,0,0.003458977,null
Test,0,45,0,0.004112005,null
Test,0,45,0,0.004005015,null
Test,0,45,0,0.003928006,null
Test,0,45,0,0.003956974,null
Test,0,45,0,0.004185021,null
Test,0,45,0,0.003804982,null
Test,0,45,0,0.003881991,null
Test,0,45,0,0.004161,null
Test,0,45,0,0.003934026,null
Test,0,45,0,0.004320979,null
Test,0,45,0,0.00365299,null
Test,0,45,0,0.003897011,null
Test,0,45,0,0.004028022,null
Test,0,45,0,0.004092991,null
Test,0,45,0,0.004068017,null
Test,0,45,0,0.004101992,null
Test,0,45,0,0.003804982,null
Test,0,45,0,0.004095972,null
Test,0,45,0,0.004004002,null
Test,0,45,0,0.004209995,null
Test,0,45,0,0.004018009,null
Test,0,45,0,0.003857017,null
Test,0,45,0,0.003916979,null
Test,0,45,0,0.004015028,null
Test,0,45,0,0.004032969,null
Test,0,45,0,0.004225016,null
Test,0,45,0,0.003669024,null
Test,0,45,0,0.003803015,null
Test,0,45,0,0.004202962,null
Test,0,45,0,0.003892004,null
Test,0,45,0,0.004018009,null
Test,0,45,0,0.004248977,null
Test,0,45,0,0.003832996,null
Test,0,45,0,0.003922045,null
Test,0,45,0,0.004296005,null
Test,0,45,0,0.003719985,null
Test,0,45,0,0.003971994,null
Test,0,45,0,0.004254997,null
Test,0,45,0,0.003844976,null
Test,0,45,0,0.00395602,null
Test,0,45,0,0.00396198,null
Test,0,45,0,0.003942013,null
Test,0,45,0,0.004320025,null
Test,0,45,0,0.003880978,null
Test,0,45,0,0.004091978,null
Test,0,45,0,0.003833055,null
Test,0,45,0,0.003995001,null
Test,0,45,0,0.004043996,null
Test,0,45,0,0.004017949,null
Test,0,45,0,0.004011035,null
Test,0,45,0,0.003791988,null
Test,0,45,0,0.00394398,null
Test,0,45,0,0.004136026,null
Test,0,45,0,0.004310012,null
Test,0,45,0,0.003822982,null
Test,0,45,0,0.003997982,null
Test,0,45,0,0.004254997,null
Test,0,45,0,0.003597021,null
Test,0,45,0,0.004248977,null
Test,0,45,0,0.004002035,null
Test,0,45,0,0.003817976,null
Test,0,45,0,0.003975034,null
Test,0,45,0,0.003970981,null
Test,0,45,0,0.003952026,null
Test,0,45,0,0.004127979,null
Test,0,45,0,0.004050016,null
Test,0,45,0,0.004069984,null
Test,0,45,0,0.003960967,null
Test,0,45,0,0.003879011,null
Test,0,45,0,0.004160047,null
Test,0,45,0,0.003826976,null
Test,0,45,0,0.004218996,null
Test,0,45,0,0.003966987,null
Test,0,45,0,0.004067004,null
Test,0,45,0,0.003922999,null
Test,0,45,0,0.003820002,null
Test,0,45,0,0.004058003,null
Test,0,45,0,0.003928006,null
Test,0,45,0,0.004144013,null
Test,0,45,0,0.003928006,null
Test,0,45,0,0.004166007,null
Test,0,45,0,0.003823996,null
Test,0,45,0,0.004207969,null
Test,0,45,0,0.003978014,null
Test,0,45,0,0.003751993,null
Test,0,45,0,0.004018009,null
Test,0,45,0,0.00395602,null
Test,0,45,0,0.003874958,null
Test,0,45,0,0.004170001,null
Test,0,45,0,0.003975987,null
Test,0,45,0,0.003987014,null
Test,0,45,0,0.004203022,null
Test,0,45,0,0.003826022,null
Test,0,45,0,0.00413698,null
Test,0,45,0,0.004013002,null
Test,0,45,0,0.003928959,null
Test,0,45,0,0.003931046,null
Test,0,45,0,0.003915966,null
Test,0,45,0,0.003944039,null
Test,0,45,0,0.004280984,null
Test,0,45,0,0.003983974,null
Test,0,45,0,0.003899038,null
Test,0,45,0,0.003875971,null
Test,0,45,0,0.004105985,null
Test,0,45,0,0.003925025,null
Test,0,45,0,0.004173994,null
Test,0,45,0,0.003928006,null
Test,0,45,0,0.003968,null
Test,0,45,0,0.003876984,null
Test,0,45,0,0.004191995,null
Test,0,45,0,0.004637003,null
Test,0,45,0,0.003445029,null
Test,0,45,0,0.003916979,null
Test,0,45,0,0.004227996,null
Test,0,45,0,0.003908038,null
Test,0,45,0,0.003802955,null
Test,0,45,0,0.004236042,null
Test,0,45,0,0.003681004,null
Test,0,45,0,0.003969967,null
Test,0,45,0,0.003930032,null
Test,0,45,0,0.004236996,null
Test,0,45,0,0.004058957,null
Test,0,45,0,0.003897011,null
Test,0,45,0,0.004118025,null
Test,0,45,0,0.004076958,null
Test,0,45,0,0.003917038,null
Test,0,45,0,0.003776014,null
Test,0,45,0,0.004106998,null
Test,0,45,0,0.004034996,null
Test,0,45,0,0.00386101,null
Test,0,45,0,0.004096985,null
Test,0,45,0,0.003951013,null
Test,0,45,0,0.00413698,null
Test,0,45,0,0.01804799,null
Test,0,45,0,0.005846977,null
Test,0,45,0,0.004191041,null
Test,0,45,0,0.00375098,null
Test,0,45,0,0.003910005,null
Test,0,45,0,0.004064023,null
Test,0,45,0,0.004390955,null
Test,0,45,0,0.003787041,null
Test,0,45,0,0.004121006,null
Test,0,45,0,0.004007995,null
Test,0,45,0,0.003798008,null
Test,0,45,0,0.004320979,null
Test,0,45,0,0.004218996,null
Test,0,45,0,0.003556013,null
Test,0,45,0,0.003867984,null
Test,0,45,0,0.00406003,null
Test,0,45,0,0.003939986,null
Test,0,45,0,0.004029989,null
Test,0,45,0,0.004208982,null
Test,0,45,0,0.003930986,null
Test,0,45,0,0.003874004,null
Test,0,45,0,0.003970027,null
Test,0,45,0,0.003933012,null
Test,0,45,0,0.00425601,null
Test,0,45,0,0.00396198,null
Test,0,45,0,0.003847003,null
Test,0,45,0,0.004140019,null
Test,0,45,0,0.003947973,null
Test,0,45,0,0.003961027,null
Test,0,45,0,0.004410982,null
Test,0,45,0,0.003448009,null
Test,0,45,0,0.004221976,null
Test,0,45,0,0.004031003,null
Test,0,45,0,0.003790975,null
Test,0,45,0,0.004047036,null
Test,0,45,0,0.004225969,null
Test,0,45,0,0.003564,null
Test,0,45,0,0.004275024,null
Test,0,45,0,0.003925979,null
Test,0,45,0,0.003862023,null
Test,0,45,0,0.003947973,null
Test,0,45,0,0.004472017,null
Test,0,45,0,0.003762007,null
Test,0,45,0,0.004079998,null
Test,0,45,0,0.003701985,null
Test,0,45,0,0.004294038,null
Test,0,45,0,0.004170954,null
Test,0,45,0,0.003800035,null
Test,0,45,0,0.003832996,null
Test,0,45,0,0.004027009,null
Test,0,45,0,0.003951013,null
Test,0,45,0,0.004366994,null
Test,0,45,0,0.003738999,null
Test,0,45,0,0.004108965,null
Test,0,45,0,0.00387603,null
Test,0,45,0,0.003883004,null
Test,0,45,0,0.004168987,null
Test,0,45,0,0.004161,null
Test,0,45,0,0.003807008,null
Test,0,45,0,0.004155993,null
Test,0,45,0,0.003807962,null
Test,0,45,0,0.004201055,null
Test,0,45,0,0.003877997,null
Test,0,45,0,0.004311979,null
Test,0,45,0,0.003728986,null
Test,0,45,0,0.004088998,null
Test,0,45,0,0.003890038,null
Test,0,45,0,0.004032969,null
Test,0,45,0,0.003877997,null
Test,0,45,0,0.004310012,null
Test,0,45,0,0.003866017,null
Test,0,45,0,0.003886998,null
Test,0,45,0,0.003986955,null
Test,0,45,0,0.003991008,null
Test,0,45,0,0.003961027,null
Test,0,45,0,0.003956974,null
Test,0,45,0,0.004001021,null
Test,0,45,0,0.004148006,null
Test,0,45,0,0.003816962,null
Test,0,45,0,0.004086018,null
Test,0,45,0,0.004235983,null
Test,0,45,0,0.003889024,null
Test,0,45,0,0.003906012,null
Test,0,45,0,0.004081964,null
Test,0,45,0,0.00396502,null
Test,0,45,0,0.004278004,null
Test,0,45,0,0.003893018,null
Test,0,45,0,0.003907979,null
Test,0,45,0,0.003912985,null
Test,0,45,0,0.004133046,null
Test,0,45,0,0.003654003,null
Test,0,45,0,0.004374981,null
Test,0,45,0,0.003695011,null
Test,0,45,0,0.004239976,null
Test,0,45,0,0.003930986,null
Test,0,45,0,0.003832996,null
Test,0,45,0,0.004016995,null
Test,0,45,0,0.004153013,null
Test,0,45,0,0.003951013,null
Test,0,45,0,0.00395298,null
Test,0,45,0,0.003977001,null
Test,0,45,0,0.004050016,null
Test,0,45,0,0.004119992,null
Test,0,45,0,0.004150033,null
Test,0,45,0,0.003674984,null
Test,0,45,0,0.00395602,null
Test,0,45,0,0.004029989,null
Test,0,45,0,0.004013002,null
Test,0,45,0,0.004096985,null
Test,0,45,0,0.003973007,null
Test,0,45,0,0.004042983,null
Test,0,45,0,0.003879011,null
Test,0,45,0,0.004144013,null
Test,0,45,0,0.004074991,null
Test,0,45,0,0.007701993,null
Test,0,45,0,0.004316032,null
Test,0,45,0,0.003796995,null
Test,0,45,0,0.004023969,null
Test,0,45,0,0.004091978,null
Test,0,45,0,0.004001021,null
Test,0,45,0,0.004064023,null
Test,0,45,0,0.003844976,null
Test,0,45,0,0.004168987,null
Test,0,45,0,0.004136026,null
Test,0,45,0,0.003951013,null
Test,0,45,0,0.003605962,null
Test,0,45,0,0.00417304,null
Test,0,45,0,0.004263997,null
Test,0,45,0,0.004123986,null
Test,0,45,0,0.003452003,null
Test,0,45,0,0.004010975,null
Test,0,45,0,0.004094005,null
Test,0,45,0,0.003901005,null
Test,0,45,0,0.003991008,null
Test,0,45,0,0.004126012,null
Test,0,45,0,0.003812015,null
Test,0,45,0,0.004049957,null
Test,0,45,0,0.004009008,null
Test,0,45,0,0.004236996,null
Test,0,45,0,0.004150987,null
Test,0,45,0,0.003810048,null
Test,0,45,0,0.003959954,null
Test,0,45,0,0.003986001,null
Test,0,45,0,0.00426203,null
Test,0,45,0,0.003885984,null
Test,0,45,0,0.004168987,null
Test,0,45,0,0.003749013,null
Test,0,45,0,0.004115999,null
Test,0,45,0,0.003908992,null
Test,0,45,0,0.00386101,null
Test,0,45,0,0.003884017,null
Test,0,45,0,0.004386961,null
Test,0,45,0,0.003792048,null
Test,0,45,0,0.003938973,null
Test,0,45,0,0.004015028,null
Test,0,45,0,0.003893971,null
Test,0,45,0,0.003993988,null
Test,0,45,0,0.00443399,null
Test,0,45,0,0.003744006,null
Test,0,45,0,0.003850996,null
Test,0,45,0,0.004185021,null
Test,0,45,0,0.004146993,null
Test,0,45,0,0.004002035,null
Test,0,45,0,0.003908992,null
Test,0,45,0,0.003843009,null
Test,0,45,0,0.00406599,null
Test,0,45,0,0.003944993,null
Test,0,45,0,0.004011989,null
Test,0,45,0,0.003813028,null
Test,0,45,0,0.004247963,null
Test,0,45,0,0.003886998,null
Test,0,45,0,0.003904045,null
Test,0,45,0,0.004168987,null
Test,0,45,0,0.003901005,null
Test,0,45,0,0.003888965,null
Test,0,45,0,0.004370987,null
Test,0,45,0,0.003968,null
Test,0,45,0,0.003746033,null
Test,0,45,0,0.004188001,null
Test,0,45,0,0.004015982,null
Test,0,45,0,0.004200995,null
Test,0,45,0,0.003748,null
Test,0,45,0,0.003834009,null
Test,0,45,0,0.003966033,null
Test,0,45,0,0.004144967,null
Test,0,45,0,0.004022002,null
Test,0,45,0,0.004319012,null
Test,0,45,0,0.003729999,null
Test,0,45,0,0.003960967,null
Test,0,45,0,0.003921032,null
Test,0,45,0,0.004162014,null
Test,0,45,0,0.003879964,null
Test,0,45,0,0.003966987,null
Test,0,45,0,0.004005015,null
Test,0,45,0,0.004346013,null
Test,0,45,0,0.003755987,null
Test,0,45,0,0.004222035,null
Test,0,45,0,0.01610196,null
Test,0,45,0,0.003571033,null
Test,0,45,0,0.003910005,null
Test,0,45,0,0.004051983,null
Test,0,45,0,0.003988028,null
Test,0,45,0,0.004183948,null
Test,0,45,0,0.004102051,null
Test,0,45,0,0.003636956,null
Test,0,45,0,0.004061043,null
Test,0,45,0,0.00396198,null
Test,0,45,0,0.004031003,null
Test,0,45,0,0.004328966,null
Test,0,45,0,0.003946006,null
Test,0,45,0,0.003895044,null
Test,0,45,0,0.003838956,null
Test,0,45,0,0.004276991,null
Test,0,45,0,0.003936052,null
Test,0,45,0,0.003948987,null
Test,0,45,0,0.003938973,null
Test,0,45,0,0.003904045,null
Test,0,45,0,0.004184961,null
Test,0,45,0,0.003840029,null
Test,0,45,0,0.003908992,null
Test,0,45,0,0.004072011,null
Test,0,45,0,0.004006982,null
Test,0,45,0,0.003992021,null
Test,0,45,0,0.004049957,null
Test,0,45,0,0.004033029,null
Test,0,45,0,0.003937006,null
Test,0,45,0,0.004081964,null
Test,0,45,0,0.004028022,null
Test,0,45,0,0.004046977,null
Test,0,45,0,0.003877044,null
Test,0,45,0,0.004076004,null
Test,0,45,0,0.003868997,null
Test,0,45,0,0.003956974,null
Test,0,45,0,0.004101992,null
Test,0,45,0,0.004438996,null
Test,0,45,0,0.004218996,null
Test,0,45,0,0.003564,null
Test,0,45,0,0.003922045,null
Test,0,45,0,0.003964961,null
Test,0,45,0,0.004396021,null
Test,0,45,0,0.004024982,null
Test,0,45,0,0.00347203,null
Test,0,45,0,0.004172981,null
Test,0,45,0,0.016936,null
Test,0,45,0,0.007214963,null
Test,0,45,0,0.003889024,null
Test,0,45,0,0.003930032,null
Test,0,45,0,0.004004002,null
Test,0,45,0,0.003824949,null
Test,0,45,0,0.004328012,null
Test,0,45,0,0.003660023,null
Test,0,45,0,0.004088998,null
Test,0,45,0,0.004072964,null
Test,0,45,0,0.003986001,null
Test,0,45,0,0.004037023,null
Test,0,45,0,0.004127026,null
Test,0,45,0,0.004118979,null
Test,0,45,0,0.003735006,null
Test,0,45,0,0.004180968,null
Test,0,45,0,0.003798008,null
Test,0,45,0,0.004146993,null
Test,0,45,0,0.003908038,null
Test,0,45,0,0.004069984,null
Test,0,45,0,0.00386399,null
Test,0,45,0,0.004109025,null
Test,0,45,0,0.004088998,null
Test,0,45,0,0.003656983,null
Test,0,45,0,0.003928006,null
Test,0,45,0,0.004085004,null
Test,0,45,0,0.004324973,null
Test,0,45,0,0.00375402,null
Test,0,45,0,0.004468024,null
Test,0,45,0,0.003625989,null
Test,0,45,0,0.004287004,null
Test,0,45,0,0.003728986,null
Test,0,45,0,0.003862023,null
Test,0,45,0,0.004144967,null
Test,0,45,0,0.004190981,null
Test,0,45,0,0.00384903,null
Test,0,45,0,0.003898025,null
Test,0,45,0,0.003928959,null
Test,0,45,0,0.004020035,null
Test,0,45,0,0.004688978,null
Test,0,45,0,0.00344497,null
Test,0,45,0,0.003932059,null
Test,0,45,0,0.004096985,null
Test,0,45,0,0.003879964,null
Test,0,45,0,0.004299045,null
Test,0,45,0,0.003619969,null
Test,0,45,0,0.00405103,null
Test,0,45,0,0.003897965,null
Test,0,45,0,0.004122019,null
Test,0,45,0,0.003814995,null
Test,0,45,0,0.004215002,null
Test,0,45,0,0.003992975,null
Test,0,45,0,0.004106998,null
Test,0,45,0,0.003750026,null
Test,0,45,0,0.004324019,null
Test,0,45,0,0.004019976,null
Test,0,45,0,0.003907979,null
Test,0,45,0,0.004010022,null
Test,0,45,0,0.003903031,null
Test,0,45,0,0.003884971,null
Test,0,45,0,0.003919005,null
Test,0,45,0,0.004361987,null
Test,0,45,0,0.003844023,null
Test,0,45,0,0.003862977,null
Test,0,45,0,0.003966033,null
Test,0,45,0,0.003917992,null
Test,0,45,0,0.004033983,null
Test,0,45,0,0.004185021,null
Test,0,45,0,0.003898978,null
Test,0,45,0,0.003971994,null
Test,0,45,0,0.00406003,null
Test,0,45,0,0.003913999,null
Test,0,45,0,0.004186988,null
Test,0,45,0,0.003861964,null
Test,0,45,0,0.003969014,null
Test,0,45,0,0.004032016,null
Test,0,45,0,0.004114985,null
Test,0,45,0,0.003939986,null
Test,0,0,0,0.008078039,0
Test,0,0,0,0.003796995,null
Test,0,0,0,0.004114985,null
Test,0,0,0,0.004119992,null
Test,0,0,0,0.00365299,null
Test,0,0,0,0.004133999,null
Test,0,0,0,0.004400015,null
Test,0,0,0,0.003711998,null
Test,0,0,0,0.003982008,null
Test,0,0,0,0.004096985,null
Test,0,0,0,0.003926992,null
Test,0,0,0,0.003999054,null
Test,0,0,0,0.004124999,null
Test,0,0,0,0.00404197,null
Test,0,0,0,0.004290998,null
Test,0,0,0,0.007389009,null
Test,0,0,0,0.003920019,null
Test,0,0,0,0.004368007,null
Test,0,0,0,0.003947973,null
Test,0,0,0,0.00385797,null
Test,0,0,0,0.003830016,null
Test,0,0,0,0.004068017,null
Test,0,0,0,0.004052997,null
Test,0,0,0,0.004140973,null
Test,0,0,0,0.003895998,null
Test,0,0,0,0.00414902,null
Test,0,0,0,0.003957987,null
Test,0,0,0,0.003881037,null
Test,0,0,0,0.003966987,null
Test,0,0,0,0.004296005,null
Test,0,0,0,0.004202962,null
Test,0,0,0,0.003544033,null
Test,0,0,0,0.004287004,null
Test,0,0,0,0.004155993,null
Test,0,0,0,0.003340006,null
Test,0,0,0,0.004630983,null
Test,0,0,0,0.003705025,null
Test,0,0,0,0.00405097,null
Test,0,0,0,0.004059017,null
Test,0,0,0,0.003804028,null
Test,0,0,0,0.004271984,null
Test,0,0,0,0.003876984,null
Test,0,0,0,0.003962994,null
Test,0,0,0,0.003979027,null
Test,0,0,0,0.003960967,null
Test,0,0,0,0.004123032,null
Test,0,0,0,0.003948987,null
Test,0,0,0,0.004094005,null
Test,0,0,0,0.003677011,null
Test,0,0,0,0.004009962,null
Test,0,0,0,0.00406301,null
Test,0,0,0,0.004294991,null
Test,0,0,0,0.004137039,null
Test,0,0,0,0.003477991,null
Test,0,0,0,0.004272997,null
Test,0,0,0,0.004190981,null
Test,0,0,0,0.003719032,null
Test,0,0,0,0.004159987,null
Test,0,0,0,0.004108012,null
Test,0,0,0,0.003673971,null
Test,0,0,0,0.004274011,null
Test,0,0,0,0.003908992,null
Test,0,0,0,0.00403899,null
Test,0,0,0,0.003857017,null
Test,0,0,0,0.004194975,null
Test,0,0,0,0.003847003,null
Test,0,0,0,0.004272997,null
Test,0,0,0,0.003430009,null
Test,0,0,0,0.004122019,null
Test,0,0,0,0.004132986,null
Test,0,0,0,0.004233003,null
Test,0,85,0,0.003696978,0
Test,0,85,0,0.004015028,null
Test,0,85,0,0.004015982,null
Test,0,85,0,0.004092991,null
Test,0,85,0,0.004077017,null
Test,0,85,0,0.004565001,null
Test,0,85,0,0.002983987,null
Test,0,85,0,0.004563034,null
Test,0,85,0,0.003706992,null
Test,0,85,0,0.004212022,null
Test,0,85,0,0.003923953,null
Test,0,85,0,0.004118025,null
Test,0,85,0,0.003733993,null
Test,0,85,0,0.004221976,null
Test,0,85,0,0.004027009,null
Test,0,85,0,0.003879011,null
Test,0,85,0,0.003840029,null
Test,0,85,0,0.004321992,null
Test,0,85,0,0.004135013,null
Test,0,85,0,0.007339001,null
Test,0,85,0,0.004016995,null
Test,0,85,0,0.004310966,null
Test,0,85,0,0.004197001,null
Test,0,85,0,0.003603995,null
Test,0,85,0,0.004182041,null
Test,0,85,0,0.00405097,null
Test,0,85,0,0.004146993,null
Test,0,85,0,0.003886998,null
Test,0,85,0,0.004086018,null
Test,0,85,0,0.003727973,null
Test,0,85,0,0.004159033,null
Test,0,85,0,0.004108965,null
Test,0,85,0,0.004047036,null
Test,0,85,0,0.004202962,null
Test,0,85,0,0.003585041,null
Test,0,85,0,0.003800988,null
Test,0,85,0,0.004177988,null
Test,0,85,0,0.004221022,null
Test,0,85,0,0.007615983,null
Test,0,85,0,0.004118025,null
Test,0,85,0,0.004117966,null
Test,0,85,0,0.003877997,null
Test,0,85,0,0.004294038,null
Test,0,85,0,0.003982961,null
Test,0,85,0,0.003706992,null
Test,0,85,0,0.004119039,null
Test,0,85,0,0.003959,null
Test,0,85,0,0.003942966,null
Test,0,85,0,0.004096031,null
Test,0,85,0,0.004090011,null
Test,0,85,0,0.003793955,null
Test,0,85,0,0.004249036,null
Test,0,85,0,0.003738999,null
Test,0,85,0,0.004406989,null
Test,0,85,0,0.00397402,null
Test,0,85,0,0.003766,null
Test,0,85,0,0.003930986,null
Test,0,85,0,0.004281998,null
Test,0,85,0,0.003745019,null
Test,0,85,0,0.003868997,null
Test,0,85,0,0.004420996,null
Test,0,85,0,0.003697991,null
Test,0,85,0,0.004052997,null
Test,0,85,0,0.004016995,null
Test,0,85,0,0.004029989,null
Test,0,85,0,0.003710985,null
Test,0,85,0,0.004416049,null
Test,0,85,0,0.003704965,null
Test,0,85,0,0.004085004,null
Test,0,85,0,0.004055023,null
Test,0,85,0,0.003843009,null
Test,0,85,0,0.004306972,null
Test,0,85,0,0.003749013,null
Test,0,85,0,0.003997982,null
Test,0,85,0,0.00405103,null
Test,0,85,0,0.003950953,null
Test,0,85,0,0.003925025,null
Test,0,85,0,0.004235029,null
Test,0,85,0,0.004152,null
Test,0,85,0,0.003618956,null
Test,0,85,0,0.004197001,null
Test,0,85,0,0.003931999,null
Test,0,85,0,0.003962994,null
Test,0,85,0,0.003973007,null
Test,0,85,0,0.003952026,null
Test,0,85,0,0.004049003,null
Test,0,85,0,0.004000008,null
Test,0,85,0,0.004143953,null
Test,0,85,0,0.00387001,null
Test,0,85,0,0.003926039,null
Test,0,85,0,0.004006982,null
Test,0,85,0,0.004072964,null
Test,0,85,0,0.003812015,null
Test,0,85,0,0.01557302,null
Test,0,85,0,0.01340997,null
Test,0,85,0,0.003325999,null
Test,0,85,0,0.003793001,null
Test,0,85,0,0.004164994,null
Test,0,85,0,0.003879011,null
Test,0,85,0,0.003948987,null
Test,0,85,0,0.004315019,null
Test,0,85,0,0.003745019,null
Test,0,85,0,0.003965974,null
Test,0,85,0,0.004176021,null
Test,0,85,0,0.003757,null
Test,0,85,0,0.004079998,null
Test,0,85,0,0.004037023,null
Test,0,85,0,0.004097998,null
Test,0,85,0,0.004055977,null
Test,0,85,0,0.003935993,null
Test,0,85,0,0.003768027,null
Test,0,85,0,0.004110992,null
Test,0,85,0,0.004287004,null
Test,0,85,0,0.00365299,null
Test,0,85,0,0.003917992,null
Test,0,85,0,0.004058003,null
Test,0,85,0,0.003970981,null
Test,0,85,0,0.003930986,null
Test,0,85,0,0.004264057,null
Test,0,85,0,0.003861964,null
Test,0,85,0,0.00387001,null
Test,0,85,0,0.004145026,null
Test,0,85,0,0.003910959,null
Test,0,85,0,0.004040003,null
Test,0,85,0,0.004117012,null
Test,0,85,0,0.004023015,null
Test,0,85,0,0.003995955,null
Test,0,85,0,0.004085004,null
Test,0,85,0,0.003874004,null
Test,0,85,0,0.004242003,null
Test,0,85,0,0.003741026,null
Test,0,85,0,0.00385499,null
Test,0,85,0,0.004194021,null
Test,0,85,0,0.004254997,null
Test,0,85,0,0.003840983,null
Test,0,85,0,0.004077971,null
Test,0,85,0,0.003992021,null
Test,0,85,0,0.003804982,null
Test,0,85,0,0.00404501,null
Test,0,85,0,0.004070044,null
Test,0,85,0,0.003888965,null
Test,0,85,0,0.004280031,null
Test,0,85,0,0.003705978,null
Test,0,85,0,0.003935993,null
Test,0,85,0,0.00394398,null
Test,0,85,0,0.003979027,null
Test,0,85,0,0.004028976,null
Test,0,85,0,0.004323006,null
Test,0,85,0,0.003939033,null
Test,0,85,0,0.003859997,null
Test,0,85,0,0.004076004,null
Test,0,85,0,0.003977001,null
Test,0,85,0,0.004315972,null
Test,0,85,0,0.003632009,null
Test,0,85,0,0.003917992,null
Test,0,85,0,0.004074991,null
Test,0,85,0,0.003967047,null
Test,0,85,0,0.004167974,null
Test,0,85,0,0.003998995,null
Test,0,85,0,0.004220009,null
Test,0,85,0,0.00384599,null
Test,0,85,0,0.00374198,null
Test,0,85,0,0.004233003,null
Test,0,85,0,0.004119039,null
Test,0,85,0,0.003656983,null
Test,0,85,0,0.004004002,null
Test,0,85,0,0.004028022,null
Test,0,85,0,0.004037976,null
Test,0,85,0,0.004106998,null
Test,0,85,0,0.003920019,null
Test,0,85,0,0.004018009,null
Test,0,85,0,0.003900945,null
Test,0,85,0,0.004202008,null
Test,0,85,0,0.003807008,null
Test,0,85,0,0.004198015,null
Test,0,85,0,0.003803015,null
Test,0,85,0,0.003960013,null
Test,0,85,0,0.003957987,null
Test,0,85,0,0.004081964,null
Test,0,85,0,0.00397104,null
Test,0,85,0,0.004130006,null
Test,0,85,0,0.003905952,null
Test,0,85,0,0.003736019,null
Test,0,85,0,0.004078031,null
Test,0,85,0,0.004126966,null
Test,0,85,0,0.004163027,null
Test,0,85,0,0.004026949,null
Test,0,85,0,0.003998041,null
Test,0,85,0,0.003911972,null
Test,0,85,0,0.004088998,null
Test,0,85,0,0.004124999,null
Test,0,85,0,0.003749013,null
Test,0,85,0,0.003968,null
Test,0,85,0,0.004049003,null
Test,0,85,0,0.004033983,null
Test,0,85,0,0.003917992,null
Test,0,85,0,0.004245043,null
Test,0,85,0,0.003916979,null
Test,0,85,0,0.003969014,null
Test,0,85,0,0.003991008,null
Test,0,85,0,0.003988981,null
Test,0,85,0,0.003984988,null
Test,0,85,0,0.004025996,null
Test,0,85,0,0.003888011,null
Test,0,85,0,0.003993988,null
Test,0,85,0,0.004025042,null
Test,0,85,0,0.004106998,null
Test,0,85,0,0.003921986,null
Test,0,85,0,0.00385499,null
Test,0,85,0,0.003997028,null
Test,0,85,0,0.003970981,null
Test,0,85,0,0.004190981,null
Test,0,85,0,0.004321039,null
Test,0,85,0,0.003693998,null
Test,0,85,0,0.003999949,0
Test,0,85,0,0.004079044,null
Test,0,85,0,0.00394398,null
Test,0,85,0,0.003984988,null
Test,0,85,0,0.00396502,null
Test,0,85,0,0.004091978,null
Test,0,85,0,0.003976047,null
Test,0,85,0,0.003999949,null
Test,0,85,0,0.003738046,null
Test,0,85,0,0.004110992,null
Test,0,85,0,0.004298985,null
Test,0,85,0,0.003825009,null
Test,0,85,0,0.003848016,null
Test,0,85,0,0.003993988,null
Test,0,85,0,0.004109979,null
Test,0,85,0,0.004172981,null
Test,0,85,0,0.003874004,null
Test,0,85,0,0.003755033,null
Test,0,85,0,0.004148006,null
Test,0,85,0,0.004024982,null
Test,0,85,0,0.003875017,null
Test,0,85,0,0.004364014,null
Test,0,85,0,0.003679991,null
Test,0,85,0,0.004007995,null
Test,0,85,0,0.003888011,null
Test,0,85,0,0.004533947,null
Test,0,85,0,0.008140028,null
Test,0,85,0,0.003331006,null
Test,0,85,0,0.004121006,null
Test,0,85,0,0.004139006,null
Test,0,85,0,0.003939986,null
Test,0,85,0,0.004133999,null
Test,0,85,0,0.003787994,null
Test,0,85,0,0.004436016,null
Test,0,85,0,0.003719985,null
Test,0,85,0,0.003884017,null
Test,0,85,0,0.004031003,null
Test,0,85,0,0.004115999,null
Test,0,85,0,0.003960967,null
Test,0,85,0,0.003888011,null
Test,0,85,0,0.003970027,null
Test,0,85,0,0.003989995,null
Test,0,85,0,0.004293978,null
Test,0,85,0,0.003840029,null
Test,0,85,0,0.003931999,null
Test,0,85,0,0.003802955,null
Test,0,85,0,0.004025996,null
Test,0,85,0,0.003996015,null
Test,0,85,0,0.004283011,null
Test,0,85,0,0.003931999,null
Test,0,85,0,0.003832996,null
Test,0,85,0,0.003979027,null
Test,0,85,0,0.003941,null
Test,0,85,0,0.004013002,null
Test,0,85,0,0.004091978,null
Test,0,85,0,0.003832996,null
Test,0,85,0,0.004173994,null
Test,0,85,0,0.004070997,null
Test,0,85,0,0.004022002,null
Test,0,85,0,0.004118025,null
Test,0,85,0,0.003969967,null
Test,0,85,0,0.003983021,null
Test,0,85,0,0.003993988,null
Test,0,85,0,0.003892004,null
Test,0,85,0,0.004123032,null
Test,0,85,0,0.003888965,null
Test,0,85,0,0.003904998,null
Test,0,85,0,0.003970027,null
Test,0,85,0,0.004159987,null
Test,0,85,0,0.004230976,null
Test,0,85,0,0.00394702,null
Test,0,85,0,0.004006982,null
Test,0,85,0,0.003776014,null
Test,0,85,0,0.004027009,null
Test,0,85,0,0.003880978,null
Test,0,85,0,0.004272044,null
Test,0,85,0,0.003900945,null
Test,0,85,0,0.004112005,null
Test,0,85,0,0.004042029,null
Test,0,85,0,0.003688991,null
Test,0,85,0,0.003919005,null
Test,0,85,0,0.004303992,null
Test,0,85,0,0.003847003,null
Test,0,85,0,0.004070997,null
Test,0,85,0,0.004036009,null
Test,0,85,0,0.003884971,null
Test,0,85,0,0.003941,null
Test,0,85,0,0.004081011,null
Test,0,85,0,0.003899038,null
Test,0,85,0,0.003890991,null
Test,0,85,0,0.004225969,null
Test,0,85,0,0.003904998,null
Test,0,85,0,0.004366994,null
Test,0,85,0,0.003682017,null
Test,0,85,0,0.004103005,null
Test,0,85,0,0.004018009,null
Test,0,85,0,0.003872991,null
Test,0,85,0,0.003890991,null
Test,0,85,0,0.004059017,null
Test,0,85,0,0.00404197,null
Test,0,85,0,0.003897011,null
Test,0,85,0,0.004234016,null
Test,0,85,0,0.003830969,null
Test,0,85,0,0.004194021,null
Test,0,85,0,0.004019022,null
Test,0,85,0,0.003901005,null
Test,0,85,0,0.003928006,null
Test,0,85,0,0.00395,null
Test,0,85,0,0.004095972,null
Test,0,85,0,0.004172027,null
Test,0,85,0,0.003650963,null
Test,0,85,0,0.003933012,null
Test,0,85,0,0.004189014,null
Test,0,85,0,0.003964961,null
Test,0,85,0,0.004215002,null
Test,0,85,0,0.004002035,null
Test,0,85,0,0.003982961,null
Test,0,85,0,0.004100025,null
Test,0,85,0,0.003898978,null
Test,0,85,0,0.004099011,null
Test,0,85,0,0.004034996,null
Test,0,85,0,0.003850043,null
Test,0,85,0,0.003909945,null
Test,0,85,0,0.01216304,null
Test,0,85,0,0.01278198,null
Test,0,85,0,0.003190994,null
Test,0,85,0,0.003894985,null
Test,0,85,0,0.004148006,null
Test,0,85,0,0.003884017,null
Test,0,85,0,0.004004002,null
Test,0,85,0,0.004123986,null
Test,0,85,0,0.003976047,null
Test,0,85,0,0.003873944,null
Test,0,85,0,0.00404501,null
Test,0,85,0,0.004285991,null
Test,0,85,0,0.008220017,null
Test,0,85,0,0.003453016,null
Test,0,85,0,0.004153013,null
Test,0,85,0,0.003962994,null
Test,0,85,0,0.004222989,null
Test,0,85,0,0.007589996,null
Test,0,85,0,0.02104598,null
Test,0,85,0,0.002952039,null
Test,0,85,0,0.004085004,null
Test,0,85,0,0.004031003,null
Test,0,85,0,0.003840983,null
Test,0,85,0,0.003879964,null
Test,0,85,0,0.004132032,null
Test,0,85,0,0.003939986,null
Test,0,85,0,0.003894031,null
Test,0,85,0,0.004001975,null
Test,0,85,0,0.004015982,null
Test,0,85,0,0.004460037,null
Test,0,85,0,0.003697991,null
Test,0,85,0,0.004243016,null
Test,0,85,0,0.003953993,null
Test,0,85,0,0.003736973,null
Test,0,85,0,0.004379034,null
Test,0,85,0,0.003622949,null
Test,0,85,0,0.004036009,null
Test,0,85,0,0.004607022,null
Test,0,85,0,0.003385007,null
Test,0,85,0,0.004094958,null
Test,0,85,0,0.004025042,null
Test,0,85,0,0.00396198,null
Test,0,85,0,0.003977001,null
Test,0,85,0,0.003858984,null
Test,0,85,0,0.003964007,null
Test,0,85,0,0.004427016,null
Test,0,85,0,0.003742993,null
Test,0,85,0,0.004007995,null
Test,0,85,0,0.003933012,null
Test,0,85,0,0.00405699,null
Test,0,85,0,0.003983021,null
Test,0,85,0,0.004117012,null
Test,0,85,0,0.004102945,null
Test,0,85,0,0.003898025,null
Test,0,85,0,0.003888011,null
Test,0,85,0,0.003911972,null
Test,0,85,0,0.004552007,null
Test,0,85,0,0.003693998,null
Test,0,85,0,0.003948033,null
Test,0,85,0,0.004049003,null
Test,0,85,0,0.003988981,null
Test,0,85,0,0.003951013,null
Test,0,85,0,0.004203975,null
Test,0,85,0,0.003825009,null
Test,0,85,0,0.003844023,null
Test,0,85,0,0.004143953,null
Test,0,85,0,0.00396502,null
Test,0,85,0,0.003748,null
Test,0,85,0,0.004408002,null
Test,0,85,0,0.003773034,null
Test,0,85,0,0.003980994,null
Test,0,85,0,0.003903985,null
Test,0,85,0,0.003968,null
Test,0,85,0,0.004227996,null
Test,0,85,0,0.004224002,null
Test,0,85,0,0.003915966,null
Test,0,85,0,0.003901005,null
Test,0,85,0,0.003924012,null
Test,0,85,0,0.003995001,null
Test,0,85,0,0.004306018,null
Test,0,85,0,0.003959,null
Test,0,85,0,0.003903985,null
Test,0,85,0,0.003834009,null
Test,0,85,0,0.003850996,null
Test,0,85,0,0.004033029,null
Test,0,85,0,0.004165947,null
Test,0,85,0,0.003913999,null
Test,0,85,0,0.004037023,null
Test,0,85,0,0.004199982,null
Test,0,85,0,0.003748,null
Test,0,85,0,0.003988028,null
Test,0,85,0,0.00404799,null
Test,0,85,0,0.003871024,null
Test,0,85,0,0.003995001,null
Test,0,85,0,0.004319966,null
Test,0,85,0,0.003809988,null
Test,0,85,0,0.003895044,null
Test,0,85,0,0.003993988,null
Test,0,85,0,0.004032969,null
Test,0,85,0,0.003943026,null
Test,0,85,0,0.003993988,null
Test,0,85,0,0.004159987,null
Test,0,85,0,0.004142046,null
Test,0,85,0,0.003890991,null
Test,0,85,0,0.003840983,null
Test,0,85,0,0.003971994,null
Test,0,85,0,0.00404501,null
Test,0,85,0,0.004009008,null
Test,0,85,0,0.004076004,null
Test,0,85,0,0.004070997,null
Test,0,85,0,0.003912985,null
Test,0,85,0,0.003865004,null
Test,0,85,0,0.004128993,null
Test,0,85,0,0.004172027,null
Test,0,85,0,0.003754973,null
Test,0,85,0,0.004067004,null
Test,0,85,0,0.003977001,null
Test,0,85,0,0.003919005,null
Test,0,85,0,0.004283011,null
Test,0,85,0,0.003718972,null
Test,0,85,0,0.004081011,null
Test,0,85,0,0.003843009,null
Test,0,85,0,0.004104018,null
Test,0,85,0,0.004115999,null
Test,0,85,0,0.004147947,null
Test,0,85,0,0.003779054,null
Test,0,85,0,0.003959,null
Test,0,85,0,0.003904998,null
Test,0,85,0,0.003953993,null

